user_id,age,gender,preferred_category,join_date
1,56,M,Books,2024-08-04 17:43:51.182152
2,69,M,Sports,2026-03-28 17:43:51.182175
3,46,F,Home,2025-06-28 17:43:51.182183
4,32,O,Clothing,2026-02-05 17:43:51.182190
5,60,F,Books,2025-12-07 17:43:51.182197
6,25,O,Clothing,2026-04-03 17:43:51.182203
7,38,M,Clothing,2025-02-07 17:43:51.182209
8,56,F,Clothing,2025-09-24 17:43:51.182215
9,36,F,Home,2024-10-19 17:43:51.182221
10,40,O,Electronics,2025-02-12 17:43:51.182228
11,28,M,Books,2025-09-28 17:43:51.182233
12,28,F,Electronics,2025-02-08 17:43:51.182240
13,41,M,Electronics,2024-06-26 17:43:51.182246
14,53,F,Electronics,2026-03-12 17:43:51.182252
15,57,M,Clothing,2025-03-08 17:43:51.182258
16,41,O,Sports,2024-11-16 17:43:51.182264
17,20,F,Clothing,2024-08-21 17:43:51.182269
18,39,F,Clothing,2025-02-20 17:43:51.182276
19,19,M,Electronics,2025-07-22 17:43:51.182282
20,41,M,Clothing,2025-01-30 17:43:51.182287
21,61,F,Electronics,2025-04-19 17:43:51.182293
22,47,O,Sports,2025-09-15 17:43:51.182299
23,55,M,Books,2024-09-23 17:43:51.182305
24,19,M,Electronics,2025-09-03 17:43:51.182311
25,38,M,Sports,2025-05-30 17:43:51.182317
26,50,F,Books,2025-02-04 17:43:51.182323
27,29,F,Home,2026-03-02 17:43:51.182329
28,39,F,Electronics,2025-04-12 17:43:51.182335
29,61,F,Electronics,2025-08-03 17:43:51.182341
30,42,O,Home,2025-07-30 17:43:51.182347
31,66,O,Home,2025-04-29 17:43:51.182352
32,44,F,Electronics,2025-06-10 17:43:51.182358
33,59,O,Home,2025-06-03 17:43:51.182364
34,45,M,Clothing,2024-06-26 17:43:51.182370
35,33,M,Books,2024-07-10 17:43:51.182376
36,32,M,Books,2024-10-07 17:43:51.182382
37,64,F,Books,2024-08-02 17:43:51.182388
38,68,M,Clothing,2025-02-26 17:43:51.182393
39,61,O,Home,2026-03-08 17:43:51.182399
40,69,F,Sports,2024-08-31 17:43:51.182405
41,20,O,Home,2024-05-03 17:43:51.182411
42,54,M,Electronics,2025-07-28 17:43:51.182417
43,68,M,Books,2024-08-30 17:43:51.182423
44,24,M,Home,2025-04-07 17:43:51.182429
45,38,F,Sports,2025-12-26 17:43:51.182435
46,26,O,Electronics,2024-10-04 17:43:51.182441
47,56,F,Clothing,2025-12-28 17:43:51.182446
48,35,F,Clothing,2024-08-01 17:43:51.182452
49,21,M,Sports,2025-08-06 17:43:51.182458
50,42,F,Electronics,2026-02-07 17:43:51.182464
51,31,F,Books,2024-12-29 17:43:51.182470
52,67,M,Home,2025-06-22 17:43:51.182476
53,26,F,Electronics,2026-04-16 17:43:51.182482
54,43,M,Clothing,2025-04-22 17:43:51.182488
55,19,M,Sports,2024-07-28 17:43:51.182495
56,37,M,Sports,2024-11-16 17:43:51.182501
57,45,M,Home,2025-05-10 17:43:51.182507
58,64,F,Sports,2025-02-09 17:43:51.182513
59,24,M,Sports,2025-09-20 17:43:51.182519
60,61,M,Electronics,2025-02-18 17:43:51.182525
61,25,F,Books,2024-12-11 17:43:51.182531
62,64,F,Home,2024-10-30 17:43:51.182536
63,52,O,Electronics,2025-04-21 17:43:51.182542
64,31,F,Books,2025-06-14 17:43:51.182548
65,34,F,Electronics,2024-11-01 17:43:51.182554
66,53,O,Electronics,2026-02-28 17:43:51.182561
67,67,F,Sports,2024-10-29 17:43:51.182567
68,57,F,Books,2025-01-11 17:43:51.182573
69,21,F,Home,2025-11-10 17:43:51.182578
70,19,F,Home,2025-05-24 17:43:51.182584
71,23,O,Books,2024-10-23 17:43:51.182590
72,59,F,Sports,2025-05-10 17:43:51.182627
73,21,F,Clothing,2025-07-24 17:43:51.182634
74,46,O,Electronics,2024-05-03 17:43:51.182640
75,35,M,Sports,2025-03-05 17:43:51.182646
76,43,O,Books,2024-12-09 17:43:51.182652
77,61,M,Electronics,2026-01-20 17:43:51.182658
78,51,O,Home,2024-06-07 17:43:51.182666
79,27,O,Clothing,2026-02-03 17:43:51.182672
80,53,F,Home,2024-08-09 17:43:51.182677
81,31,M,Books,2025-09-18 17:43:51.182683
82,48,F,Electronics,2025-04-30 17:43:51.182689
83,65,M,Books,2024-08-13 17:43:51.182695
84,32,O,Electronics,2024-12-02 17:43:51.182701
85,25,O,Sports,2024-10-11 17:43:51.182706
86,31,M,Clothing,2025-10-24 17:43:51.182712
87,40,F,Sports,2024-09-24 17:43:51.182718
88,57,F,Sports,2025-08-20 17:43:51.182724
89,38,F,Books,2025-08-22 17:43:51.182734
90,33,F,Clothing,2024-12-03 17:43:51.182740
91,62,O,Electronics,2025-02-25 17:43:51.182746
92,35,O,Electronics,2025-06-07 17:43:51.182752
93,64,O,Home,2026-01-26 17:43:51.182758
94,41,O,Electronics,2025-09-18 17:43:51.182764
95,43,O,Books,2024-12-19 17:43:51.182770
96,42,F,Sports,2024-11-20 17:43:51.182776
97,62,F,Sports,2025-07-19 17:43:51.182782
98,58,F,Sports,2024-05-01 17:43:51.182788
99,46,F,Clothing,2025-11-05 17:43:51.182794
100,32,O,Electronics,2025-05-28 17:43:51.182801
101,62,O,Books,2024-07-12 17:43:51.182807
102,18,O,Clothing,2025-02-06 17:43:51.182814
103,42,M,Home,2025-03-28 17:43:51.182819
104,24,F,Books,2024-12-13 17:43:51.182825
105,26,F,Books,2025-04-07 17:43:51.182831
106,41,O,Books,2025-06-21 17:43:51.182837
107,18,F,Sports,2024-06-19 17:43:51.182843
108,61,F,Books,2024-11-26 17:43:51.182848
109,25,O,Electronics,2025-10-17 17:43:51.182854
110,41,M,Books,2024-11-23 17:43:51.182861
111,28,M,Sports,2024-07-18 17:43:51.182867
112,68,M,Books,2025-02-20 17:43:51.182873
113,34,O,Home,2024-12-07 17:43:51.182879
114,25,F,Home,2024-04-23 17:43:51.182885
115,52,O,Sports,2025-08-06 17:43:51.182890
116,52,O,Electronics,2024-11-26 17:43:51.182896
117,50,F,Electronics,2026-02-11 17:43:51.182902
118,22,M,Clothing,2024-12-31 17:43:51.182908
119,59,M,Sports,2025-10-27 17:43:51.182914
120,56,O,Books,2025-01-21 17:43:51.182920
121,58,M,Sports,2025-10-16 17:43:51.182926
122,45,O,Clothing,2025-07-06 17:43:51.182932
123,24,O,Sports,2024-11-19 17:43:51.182943
124,26,F,Sports,2025-07-05 17:43:51.182949
125,25,F,Clothing,2024-07-27 17:43:51.182954
126,29,F,Electronics,2025-07-14 17:43:51.182960
127,51,O,Books,2024-10-26 17:43:51.182966
128,50,F,Clothing,2025-04-11 17:43:51.182972
129,65,M,Home,2024-07-04 17:43:51.182978
130,40,M,Electronics,2025-11-18 17:43:51.182985
131,41,O,Home,2024-12-01 17:43:51.182992
132,54,O,Electronics,2025-03-06 17:43:51.182998
133,52,F,Books,2024-11-11 17:43:51.183004
134,61,O,Books,2025-05-03 17:43:51.183010
135,57,O,Sports,2024-10-11 17:43:51.183016
136,39,M,Home,2025-10-18 17:43:51.183021
137,44,M,Electronics,2026-03-23 17:43:51.183027
138,52,F,Books,2025-08-06 17:43:51.183033
139,18,O,Clothing,2025-02-26 17:43:51.183039
140,52,O,Books,2024-11-10 17:43:51.183045
141,54,M,Clothing,2024-10-19 17:43:51.183050
142,64,O,Electronics,2025-06-23 17:43:51.183056
143,31,M,Books,2026-03-15 17:43:51.183062
144,20,F,Books,2024-12-20 17:43:51.183068
145,18,M,Electronics,2024-07-18 17:43:51.183074
146,22,O,Books,2024-10-28 17:43:51.183080
147,43,F,Clothing,2024-06-22 17:43:51.183086
148,31,M,Books,2025-07-19 17:43:51.183091
149,56,M,Home,2025-10-02 17:43:51.183097
150,44,F,Sports,2026-02-16 17:43:51.183104
151,26,F,Clothing,2026-01-05 17:43:51.183110
152,32,M,Home,2025-07-29 17:43:51.183116
153,32,O,Electronics,2025-09-13 17:43:51.183122
154,43,M,Clothing,2024-11-09 17:43:51.183128
155,59,F,Sports,2026-01-23 17:43:51.183133
156,30,M,Sports,2024-05-30 17:43:51.183139
157,68,F,Electronics,2025-08-11 17:43:51.183145
158,49,F,Electronics,2025-01-23 17:43:51.183151
159,56,O,Clothing,2025-08-13 17:43:51.183157
160,66,F,Books,2025-08-09 17:43:51.183163
161,69,F,Electronics,2025-04-05 17:43:51.183168
162,49,O,Books,2025-02-05 17:43:51.183174
163,21,F,Home,2024-09-01 17:43:51.183180
164,47,O,Sports,2026-01-23 17:43:51.183186
165,54,O,Books,2025-03-29 17:43:51.183192
166,40,F,Sports,2024-09-18 17:43:51.183197
167,56,F,Books,2026-03-10 17:43:51.183203
168,62,M,Home,2024-05-11 17:43:51.183209
169,32,O,Electronics,2024-06-28 17:43:51.183215
170,60,M,Home,2024-09-02 17:43:51.183221
171,46,F,Electronics,2026-04-04 17:43:51.183226
172,53,M,Electronics,2026-01-12 17:43:51.183232
173,30,O,Sports,2024-08-24 17:43:51.183238
174,49,M,Home,2025-05-01 17:43:51.183248
175,24,O,Books,2024-10-28 17:43:51.183254
176,68,F,Home,2026-03-21 17:43:51.183260
177,39,F,Sports,2025-09-06 17:43:51.183266
178,45,O,Electronics,2024-11-15 17:43:51.183272
179,19,F,Sports,2024-08-01 17:43:51.183278
180,59,F,Clothing,2025-11-19 17:43:51.183283
181,62,F,Clothing,2025-02-24 17:43:51.183289
182,23,F,Books,2025-08-20 17:43:51.183295
183,45,O,Sports,2025-03-14 17:43:51.183301
184,45,M,Books,2024-10-29 17:43:51.183306
185,61,M,Books,2025-11-13 17:43:51.183312
186,61,F,Clothing,2024-05-21 17:43:51.183318
187,37,M,Books,2025-12-27 17:43:51.183324
188,47,M,Clothing,2025-07-26 17:43:51.183330
189,28,F,Electronics,2024-05-31 17:43:51.183335
190,45,F,Sports,2024-12-22 17:43:51.183341
191,42,M,Books,2025-11-02 17:43:51.183347
192,56,O,Clothing,2025-07-23 17:43:51.183353
193,50,F,Home,2025-08-07 17:43:51.183359
194,18,O,Books,2025-12-09 17:43:51.183364
195,44,M,Electronics,2024-06-09 17:43:51.183370
196,69,F,Electronics,2024-05-01 17:43:51.183376
197,30,O,Home,2025-02-25 17:43:51.183382
198,58,F,Clothing,2025-02-26 17:43:51.183388
199,20,M,Books,2025-10-19 17:43:51.183393
200,56,O,Clothing,2025-04-24 17:43:51.183399
201,23,M,Electronics,2024-08-24 17:43:51.183405
202,25,M,Clothing,2025-04-10 17:43:51.183412
203,44,F,Electronics,2024-11-16 17:43:51.183418
204,26,O,Clothing,2024-09-20 17:43:51.183423
205,54,M,Home,2024-05-01 17:43:51.183429
206,50,M,Sports,2025-10-09 17:43:51.183435
207,68,O,Home,2026-01-15 17:43:51.183441
208,59,M,Home,2024-08-26 17:43:51.183447
209,61,M,Sports,2026-04-01 17:43:51.183452
210,41,O,Sports,2025-01-28 17:43:51.183458
211,32,O,Books,2025-11-02 17:43:51.183464
212,49,O,Books,2025-04-05 17:43:51.183470
213,49,O,Home,2025-12-10 17:43:51.183475
214,41,F,Home,2025-02-21 17:43:51.183481
215,58,O,Electronics,2026-03-29 17:43:51.183487
216,69,F,Electronics,2024-12-06 17:43:51.183493
217,66,F,Books,2025-10-20 17:43:51.183499
218,66,F,Books,2026-01-28 17:43:51.183505
219,69,M,Electronics,2024-10-03 17:43:51.183510
220,29,F,Electronics,2025-11-30 17:43:51.183516
221,56,F,Clothing,2024-06-13 17:43:51.183522
222,19,M,Clothing,2025-03-07 17:43:51.183528
223,20,M,Electronics,2025-09-11 17:43:51.183534
224,66,M,Clothing,2025-09-15 17:43:51.183539
225,54,O,Sports,2025-10-26 17:43:51.183545
226,66,M,Books,2024-07-31 17:43:51.183551
227,34,M,Books,2025-02-14 17:43:51.183557
228,66,F,Electronics,2025-08-01 17:43:51.183563
229,19,M,Home,2025-02-18 17:43:51.183568
230,19,O,Electronics,2024-06-30 17:43:51.183574
231,45,M,Clothing,2025-03-03 17:43:51.183580
232,40,O,Home,2025-01-25 17:43:51.183586
233,54,M,Clothing,2024-04-26 17:43:51.183591
234,49,M,Sports,2025-10-08 17:43:51.183598
235,50,M,Clothing,2024-10-16 17:43:51.183604
236,18,M,Sports,2026-03-01 17:43:51.183615
237,36,O,Sports,2024-12-29 17:43:51.183621
238,19,O,Clothing,2025-02-04 17:43:51.183627
239,61,F,Clothing,2025-05-28 17:43:51.183632
240,43,O,Sports,2025-08-15 17:43:51.183638
241,49,M,Home,2025-12-21 17:43:51.183644
242,23,F,Sports,2025-04-01 17:43:51.183650
243,49,F,Books,2025-05-19 17:43:51.183656
244,21,F,Sports,2025-05-10 17:43:51.183662
245,28,M,Home,2026-03-25 17:43:51.183668
246,34,O,Books,2026-03-19 17:43:51.183674
247,55,M,Electronics,2024-11-21 17:43:51.183680
248,41,F,Electronics,2025-03-23 17:43:51.183686
249,22,M,Home,2024-08-08 17:43:51.183692
250,69,M,Sports,2025-07-03 17:43:51.183698
251,51,O,Clothing,2024-09-11 17:43:51.183703
252,23,O,Home,2025-05-09 17:43:51.183709
253,39,F,Books,2025-11-27 17:43:51.183715
254,28,M,Books,2026-02-15 17:43:51.183721
255,65,M,Electronics,2024-11-19 17:43:51.183727
256,33,O,Books,2025-12-22 17:43:51.183733
257,50,M,Home,2025-05-18 17:43:51.183738
258,26,M,Books,2025-10-30 17:43:51.183744
259,23,M,Home,2024-06-01 17:43:51.183750
260,33,O,Clothing,2024-09-03 17:43:51.183760
261,46,F,Electronics,2025-01-27 17:43:51.183767
262,20,F,Books,2024-10-13 17:43:51.183773
263,37,M,Home,2025-12-08 17:43:51.183779
264,53,F,Sports,2026-04-07 17:43:51.183785
265,36,O,Electronics,2025-05-25 17:43:51.183791
266,43,O,Clothing,2025-10-10 17:43:51.183797
267,20,F,Home,2024-12-13 17:43:51.183803
268,36,F,Clothing,2026-04-14 17:43:51.183809
269,37,M,Clothing,2025-05-24 17:43:51.183815
270,49,F,Books,2025-05-25 17:43:51.183822
271,24,M,Books,2025-05-31 17:43:51.183828
272,69,M,Home,2026-04-08 17:43:51.183834
273,58,O,Sports,2024-08-17 17:43:51.183840
274,50,O,Home,2025-09-09 17:43:51.183846
275,57,O,Sports,2025-02-22 17:43:51.183852
276,56,O,Clothing,2025-03-11 17:43:51.183857
277,35,F,Electronics,2025-12-31 17:43:51.183863
278,57,O,Home,2025-02-19 17:43:51.183869
279,18,F,Home,2026-04-22 17:43:51.183875
280,28,O,Sports,2025-07-31 17:43:51.183882
281,45,F,Clothing,2024-12-18 17:43:51.183888
282,42,M,Clothing,2025-09-27 17:43:51.183894
283,67,F,Sports,2024-08-09 17:43:51.183900
284,40,F,Clothing,2024-05-11 17:43:51.183906
285,48,O,Books,2025-04-19 17:43:51.183912
286,47,F,Electronics,2025-06-21 17:43:51.183918
287,59,M,Home,2026-04-11 17:43:51.183924
288,52,M,Electronics,2025-05-13 17:43:51.183929
289,24,O,Home,2025-01-13 17:43:51.183935
290,33,M,Books,2024-05-23 17:43:51.183941
291,43,F,Clothing,2024-06-26 17:43:51.183947
292,65,M,Sports,2024-12-15 17:43:51.183953
293,69,O,Books,2025-04-20 17:43:51.183960
294,66,F,Electronics,2025-02-27 17:43:51.183966
295,19,O,Sports,2025-11-03 17:43:51.183972
296,18,F,Clothing,2025-12-10 17:43:51.183978
297,65,M,Books,2025-02-20 17:43:51.183984
298,29,O,Sports,2026-03-29 17:43:51.183990
299,22,O,Books,2024-11-09 17:43:51.183996
300,54,F,Books,2025-10-15 17:43:51.184002
301,49,O,Clothing,2025-12-03 17:43:51.184008
302,26,F,Home,2024-10-15 17:43:51.184014
303,58,F,Sports,2024-07-04 17:43:51.184020
304,52,F,Clothing,2025-06-12 17:43:51.184026
305,36,F,Books,2025-02-03 17:43:51.184032
306,65,M,Clothing,2025-06-08 17:43:51.184038
307,33,F,Home,2025-02-06 17:43:51.184044
308,20,O,Sports,2026-01-21 17:43:51.184050
309,37,M,Home,2025-10-26 17:43:51.184055
310,41,O,Electronics,2026-02-26 17:43:51.184063
311,50,M,Sports,2025-11-19 17:43:51.184069
312,41,F,Home,2024-06-20 17:43:51.184075
313,69,M,Books,2026-01-02 17:43:51.184081
314,28,M,Sports,2025-12-07 17:43:51.184087
315,66,O,Sports,2025-09-03 17:43:51.184093
316,25,O,Clothing,2025-01-10 17:43:51.184098
317,53,F,Books,2024-12-28 17:43:51.184104
318,55,M,Electronics,2026-02-14 17:43:51.184110
319,57,M,Home,2025-08-17 17:43:51.184116
320,37,M,Clothing,2025-06-04 17:43:51.184122
321,52,F,Home,2024-11-21 17:43:51.184128
322,65,F,Electronics,2025-02-15 17:43:51.184134
323,42,F,Electronics,2024-12-22 17:43:51.184140
324,52,F,Sports,2024-08-25 17:43:51.184146
325,42,F,Electronics,2025-02-18 17:43:51.184152
326,46,O,Home,2025-07-28 17:43:51.184157
327,35,M,Books,2024-05-14 17:43:51.184163
328,63,M,Books,2024-11-02 17:43:51.184169
329,35,M,Sports,2025-11-26 17:43:51.184175
330,19,M,Home,2025-12-26 17:43:51.184181
331,52,M,Home,2025-04-21 17:43:51.184187
332,33,M,Electronics,2026-02-16 17:43:51.184193
333,58,M,Home,2025-04-18 17:43:51.184199
334,53,M,Clothing,2025-10-30 17:43:51.184204
335,50,O,Electronics,2024-09-12 17:43:51.184210
336,21,M,Clothing,2024-12-14 17:43:51.184216
337,50,O,Sports,2025-12-30 17:43:51.184222
338,31,F,Books,2026-01-02 17:43:51.184228
339,38,M,Sports,2025-02-08 17:43:51.184234
340,65,F,Books,2024-05-08 17:43:51.184240
341,37,F,Sports,2025-11-27 17:43:51.184246
342,25,F,Home,2026-03-19 17:43:51.184252
343,24,O,Clothing,2025-06-18 17:43:51.184257
344,20,F,Books,2024-11-01 17:43:51.184265
345,34,F,Electronics,2026-04-09 17:43:51.184271
346,50,F,Clothing,2025-04-14 17:43:51.184277
347,65,M,Electronics,2024-10-13 17:43:51.184283
348,29,M,Clothing,2025-02-19 17:43:51.184289
349,68,O,Clothing,2024-04-25 17:43:51.184295
350,39,O,Sports,2025-09-02 17:43:51.184301
351,39,M,Books,2024-05-18 17:43:51.184307
352,63,O,Books,2024-10-07 17:43:51.184313
353,47,M,Clothing,2024-04-27 17:43:51.184319
354,55,F,Home,2024-06-29 17:43:51.184325
355,55,F,Home,2025-02-07 17:43:51.184332
356,62,O,Electronics,2024-12-07 17:43:51.184337
357,68,M,Electronics,2025-07-22 17:43:51.184343
358,25,M,Sports,2026-02-06 17:43:51.184349
359,44,O,Clothing,2025-02-08 17:43:51.184355
360,44,M,Electronics,2024-05-24 17:43:51.184361
361,51,F,Electronics,2025-07-08 17:43:51.184367
362,38,O,Clothing,2024-10-30 17:43:51.184373
363,47,O,Sports,2024-05-31 17:43:51.184379
364,50,M,Electronics,2025-08-13 17:43:51.184385
365,45,O,Sports,2025-12-18 17:43:51.184391
366,64,M,Books,2025-10-28 17:43:51.184396
367,50,M,Sports,2026-03-17 17:43:51.184402
368,22,M,Home,2025-03-09 17:43:51.184408
369,65,M,Home,2024-08-20 17:43:51.184414
370,36,M,Sports,2024-08-21 17:43:51.184420
371,21,O,Home,2025-12-17 17:43:51.184426
372,52,F,Books,2024-12-26 17:43:51.184432
373,66,F,Clothing,2025-11-06 17:43:51.184438
374,34,O,Home,2024-09-08 17:43:51.184444
375,61,O,Home,2025-07-03 17:43:51.184449
376,45,F,Sports,2024-07-24 17:43:51.184455
377,47,F,Books,2025-05-15 17:43:51.184461
378,46,F,Clothing,2025-06-17 17:43:51.184467
379,63,F,Sports,2024-06-30 17:43:51.184473
380,23,F,Sports,2024-11-11 17:43:51.184479
381,52,M,Books,2024-10-30 17:43:51.184485
382,58,O,Clothing,2025-02-28 17:43:51.184491
383,54,M,Books,2025-02-03 17:43:51.184497
384,41,F,Clothing,2024-06-07 17:43:51.184503
385,46,F,Books,2024-10-12 17:43:51.184509
386,66,F,Sports,2025-08-30 17:43:51.184515
387,63,M,Sports,2025-02-08 17:43:51.184520
388,48,M,Electronics,2025-09-21 17:43:51.184526
389,52,F,Home,2026-01-28 17:43:51.184532
390,50,M,Books,2026-01-28 17:43:51.184538
391,69,M,Electronics,2024-12-20 17:43:51.184544
392,38,F,Home,2026-02-17 17:43:51.184550
393,49,M,Books,2024-07-16 17:43:51.184556
394,40,O,Clothing,2024-06-29 17:43:51.184562
395,50,O,Home,2024-08-04 17:43:51.184568
396,20,O,Sports,2026-02-18 17:43:51.184574
397,35,O,Electronics,2025-05-15 17:43:51.184580
398,42,F,Home,2025-05-06 17:43:51.184585
399,59,F,Home,2025-11-16 17:43:51.184591
400,48,F,Sports,2024-09-11 17:43:51.184597
401,20,O,Books,2024-12-18 17:43:51.184603
402,57,O,Clothing,2024-07-04 17:43:51.184615
403,63,M,Sports,2025-01-15 17:43:51.184621
404,41,M,Clothing,2025-09-10 17:43:51.184627
405,67,O,Books,2025-06-14 17:43:51.184633
406,49,O,Home,2024-08-16 17:43:51.184639
407,64,O,Clothing,2025-01-12 17:43:51.184645
408,39,O,Electronics,2026-01-25 17:43:51.184651
409,40,M,Electronics,2025-06-24 17:43:51.184657
410,19,O,Sports,2024-06-12 17:43:51.184663
411,44,M,Books,2025-02-12 17:43:51.184669
412,59,O,Sports,2024-06-10 17:43:51.184675
413,19,O,Sports,2025-12-09 17:43:51.184681
414,43,O,Sports,2026-03-04 17:43:51.184687
415,34,M,Electronics,2025-02-15 17:43:51.184693
416,57,M,Electronics,2025-05-18 17:43:51.184698
417,50,F,Sports,2025-05-11 17:43:51.184704
418,26,O,Electronics,2024-07-16 17:43:51.184710
419,60,F,Books,2025-05-11 17:43:51.184716
420,65,F,Sports,2024-07-13 17:43:51.184722
421,56,M,Electronics,2025-08-21 17:43:51.184728
422,46,M,Clothing,2026-01-04 17:43:51.184734
423,59,F,Sports,2024-11-06 17:43:51.184740
424,43,O,Sports,2026-01-23 17:43:51.184746
425,52,M,Books,2025-07-01 17:43:51.184752
426,67,O,Home,2026-01-01 17:43:51.184758
427,42,O,Home,2024-09-11 17:43:51.184764
428,41,F,Books,2025-10-28 17:43:51.184770
429,30,F,Books,2025-05-15 17:43:51.184778
430,24,F,Books,2024-07-02 17:43:51.184783
431,53,F,Home,2026-01-12 17:43:51.184789
432,62,M,Books,2024-08-02 17:43:51.184795
433,37,M,Electronics,2024-08-27 17:43:51.184801
434,18,F,Sports,2025-03-18 17:43:51.184807
435,25,M,Sports,2026-03-26 17:43:51.184813
436,63,F,Clothing,2024-11-02 17:43:51.184819
437,33,O,Clothing,2026-02-24 17:43:51.184825
438,31,O,Sports,2024-12-11 17:43:51.184831
439,29,O,Electronics,2025-06-30 17:43:51.184837
440,68,F,Home,2025-12-10 17:43:51.184843
441,40,O,Home,2025-05-27 17:43:51.184849
442,32,M,Electronics,2025-08-17 17:43:51.184855
443,45,O,Home,2024-10-20 17:43:51.184861
444,51,O,Books,2026-02-07 17:43:51.184867
445,19,O,Sports,2024-07-08 17:43:51.184873
446,49,M,Sports,2025-11-06 17:43:51.184879
447,40,F,Electronics,2024-12-06 17:43:51.184885
448,39,M,Home,2025-05-03 17:43:51.184890
449,68,F,Clothing,2025-09-10 17:43:51.184896
450,42,F,Clothing,2024-06-28 17:43:51.184902
451,39,O,Home,2024-11-08 17:43:51.184908
452,39,F,Clothing,2025-11-28 17:43:51.184914
453,66,M,Electronics,2025-08-25 17:43:51.184920
454,69,M,Electronics,2025-05-14 17:43:51.184926
455,59,F,Home,2026-03-19 17:43:51.184932
456,23,O,Clothing,2024-05-21 17:43:51.184938
457,32,O,Electronics,2026-04-22 17:43:51.184944
458,60,M,Electronics,2025-11-21 17:43:51.184952
459,54,O,Books,2025-02-18 17:43:51.184958
460,50,F,Books,2024-12-01 17:43:51.184964
461,25,F,Electronics,2025-12-18 17:43:51.184969
462,61,M,Home,2024-12-18 17:43:51.184975
463,61,F,Sports,2024-12-27 17:43:51.184981
464,22,M,Sports,2025-05-13 17:43:51.184987
465,56,F,Electronics,2025-09-14 17:43:51.184993
466,21,M,Electronics,2024-04-30 17:43:51.184999
467,23,O,Electronics,2026-03-29 17:43:51.185005
468,62,F,Home,2024-11-11 17:43:51.185011
469,49,F,Books,2025-10-23 17:43:51.185017
470,69,M,Electronics,2024-12-10 17:43:51.185023
471,47,M,Electronics,2024-07-21 17:43:51.185029
472,64,F,Clothing,2026-03-12 17:43:51.185035
473,52,M,Home,2024-12-28 17:43:51.185040
474,57,F,Electronics,2025-02-08 17:43:51.185046
475,69,O,Clothing,2025-03-17 17:43:51.185052
476,33,M,Sports,2024-10-24 17:43:51.185058
477,30,F,Electronics,2025-05-13 17:43:51.185064
478,67,O,Electronics,2026-03-09 17:43:51.185070
479,59,O,Clothing,2024-07-16 17:43:51.185076
480,47,F,Home,2026-04-02 17:43:51.185082
481,36,M,Electronics,2024-07-28 17:43:51.185088
482,34,F,Sports,2026-02-12 17:43:51.185094
483,36,O,Electronics,2026-03-06 17:43:51.185100
484,45,F,Sports,2024-12-18 17:43:51.185106
485,43,M,Books,2024-10-19 17:43:51.185112
486,54,O,Books,2025-07-10 17:43:51.185117
487,43,F,Sports,2026-04-13 17:43:51.185123
488,40,M,Home,2024-10-28 17:43:51.185129
489,26,O,Electronics,2025-07-23 17:43:51.185135
490,29,M,Electronics,2024-08-31 17:43:51.185141
491,18,O,Books,2025-04-07 17:43:51.185147
492,18,F,Sports,2025-05-29 17:43:51.185153
493,64,M,Electronics,2024-12-30 17:43:51.185159
494,51,O,Electronics,2026-04-08 17:43:51.185165
495,49,M,Home,2024-11-23 17:43:51.185171
496,65,M,Clothing,2025-10-14 17:43:51.185177
497,42,F,Books,2025-11-06 17:43:51.185183
498,57,M,Books,2024-11-18 17:43:51.185188
499,62,O,Clothing,2024-08-10 17:43:51.185194
500,18,O,Electronics,2025-12-07 17:43:51.185200
501,33,O,Home,2025-11-20 17:43:51.185206
502,56,O,Home,2025-03-31 17:43:51.185212
503,22,F,Books,2025-09-26 17:43:51.185218
504,39,M,Home,2025-07-25 17:43:51.185224
505,46,F,Clothing,2025-12-01 17:43:51.185230
506,20,M,Electronics,2024-08-20 17:43:51.185236
507,29,M,Clothing,2026-02-13 17:43:51.185242
508,43,M,Sports,2025-08-19 17:43:51.185248
509,33,F,Books,2025-08-05 17:43:51.185254
510,68,M,Home,2026-02-03 17:43:51.185260
511,54,F,Sports,2024-07-04 17:43:51.185266
512,39,O,Home,2024-08-08 17:43:51.185271
513,46,O,Electronics,2024-08-26 17:43:51.185277
514,31,M,Electronics,2024-11-14 17:43:51.185285
515,45,F,Electronics,2024-08-10 17:43:51.185291
516,22,O,Home,2025-05-28 17:43:51.185297
517,64,F,Sports,2025-10-16 17:43:51.185303
518,66,F,Electronics,2026-01-18 17:43:51.185309
519,47,M,Sports,2024-08-14 17:43:51.185315
520,63,O,Home,2026-04-15 17:43:51.185321
521,69,M,Sports,2026-02-15 17:43:51.185327
522,22,M,Home,2024-12-13 17:43:51.185334
523,29,O,Home,2025-10-14 17:43:51.185340
524,33,O,Books,2025-04-22 17:43:51.185346
525,43,F,Home,2024-11-18 17:43:51.185352
526,43,O,Home,2025-12-27 17:43:51.185358
527,65,F,Clothing,2025-07-30 17:43:51.185364
528,38,F,Electronics,2024-08-20 17:43:51.185370
529,56,F,Books,2024-12-24 17:43:51.185376
530,53,O,Books,2024-11-30 17:43:51.185381
531,50,M,Books,2025-06-29 17:43:51.185387
532,47,F,Clothing,2025-11-10 17:43:51.185393
533,54,M,Home,2025-04-12 17:43:51.185399
534,40,M,Electronics,2024-07-09 17:43:51.185405
535,27,O,Sports,2025-07-29 17:43:51.185411
536,22,M,Home,2024-10-21 17:43:51.185417
537,53,M,Clothing,2026-02-08 17:43:51.185423
538,51,O,Home,2024-12-01 17:43:51.185429
539,69,F,Home,2026-02-09 17:43:51.185435
540,48,M,Clothing,2025-06-19 17:43:51.185441
541,27,O,Books,2025-10-06 17:43:51.185447
542,36,M,Books,2025-12-14 17:43:51.185453
543,49,M,Electronics,2024-09-28 17:43:51.185459
544,18,F,Electronics,2024-08-16 17:43:51.185465
545,22,M,Books,2024-12-22 17:43:51.185471
546,62,O,Sports,2025-11-23 17:43:51.185476
547,21,M,Home,2024-06-23 17:43:51.185482
548,33,F,Sports,2025-09-29 17:43:51.185488
549,41,F,Home,2025-10-26 17:43:51.185494
550,33,O,Books,2025-10-08 17:43:51.185500
551,19,F,Electronics,2026-01-24 17:43:51.185506
552,66,M,Electronics,2025-02-13 17:43:51.185512
553,45,F,Sports,2025-10-22 17:43:51.185518
554,49,O,Electronics,2025-09-26 17:43:51.185524
555,44,F,Books,2024-12-16 17:43:51.185530
556,37,F,Sports,2025-12-14 17:43:51.185536
557,41,F,Home,2024-06-27 17:43:51.185542
558,29,O,Electronics,2026-04-10 17:43:51.185548
559,67,F,Clothing,2024-07-28 17:43:51.185554
560,52,F,Electronics,2026-01-07 17:43:51.185560
561,50,M,Home,2025-04-13 17:43:51.185566
562,50,O,Sports,2024-09-18 17:43:51.185572
563,68,F,Home,2024-05-16 17:43:51.185577
564,60,O,Clothing,2024-05-25 17:43:51.185583
565,54,F,Books,2026-01-14 17:43:51.185589
566,29,F,Electronics,2024-09-06 17:43:51.185595
567,20,F,Sports,2024-09-13 17:43:51.185601
568,18,M,Books,2025-10-13 17:43:51.185615
569,50,M,Home,2025-06-02 17:43:51.185621
570,57,M,Sports,2024-04-27 17:43:51.185627
571,27,O,Books,2025-01-11 17:43:51.185633
572,60,O,Sports,2025-04-21 17:43:51.185639
573,61,M,Clothing,2025-06-09 17:43:51.185645
574,46,O,Clothing,2025-11-30 17:43:51.185651
575,30,F,Electronics,2025-04-04 17:43:51.185657
576,29,F,Electronics,2025-09-19 17:43:51.185662
577,48,F,Clothing,2025-04-27 17:43:51.185668
578,63,M,Sports,2025-06-03 17:43:51.185674
579,19,O,Clothing,2026-04-08 17:43:51.185680
580,68,M,Electronics,2025-09-18 17:43:51.185686
581,67,O,Clothing,2024-12-17 17:43:51.185692
582,52,F,Clothing,2024-10-23 17:43:51.185698
583,40,M,Sports,2025-10-22 17:43:51.185704
584,34,O,Books,2025-07-27 17:43:51.185710
585,43,O,Electronics,2025-01-11 17:43:51.185716
586,25,F,Sports,2024-08-19 17:43:51.185722
587,46,M,Clothing,2024-11-20 17:43:51.185728
588,43,M,Clothing,2024-10-28 17:43:51.185733
589,27,M,Books,2025-01-11 17:43:51.185739
590,43,F,Electronics,2025-06-22 17:43:51.185745
591,51,M,Electronics,2025-11-30 17:43:51.185751
592,68,F,Home,2026-01-02 17:43:51.185757
593,58,F,Electronics,2025-09-03 17:43:51.185763
594,24,F,Books,2024-06-01 17:43:51.185771
595,21,O,Home,2024-09-16 17:43:51.185777
596,67,M,Home,2024-05-01 17:43:51.185783
597,62,M,Clothing,2024-09-08 17:43:51.185789
598,28,F,Clothing,2024-12-09 17:43:51.185795
599,46,F,Electronics,2024-09-05 17:43:51.185801
600,53,M,Home,2024-10-16 17:43:51.185809
601,42,F,Clothing,2025-07-24 17:43:51.185815
602,38,M,Books,2024-05-20 17:43:51.185821
603,53,O,Clothing,2025-11-01 17:43:51.185827
604,27,F,Clothing,2026-04-16 17:43:51.185833
605,54,M,Home,2025-11-19 17:43:51.185839
606,26,F,Home,2024-11-17 17:43:51.185845
607,41,M,Sports,2024-10-24 17:43:51.185851
608,52,M,Books,2024-10-22 17:43:51.185857
609,66,F,Home,2024-11-21 17:43:51.185863
610,52,O,Electronics,2025-09-20 17:43:51.185869
611,65,M,Books,2025-12-10 17:43:51.185875
612,53,M,Books,2025-07-12 17:43:51.185881
613,35,M,Home,2025-12-18 17:43:51.185887
614,66,O,Books,2025-02-08 17:43:51.185893
615,56,O,Home,2024-06-06 17:43:51.185899
616,49,F,Clothing,2025-11-22 17:43:51.185905
617,41,O,Sports,2025-05-27 17:43:51.185911
618,40,F,Clothing,2024-11-01 17:43:51.185917
619,49,F,Home,2025-04-05 17:43:51.185923
620,54,O,Home,2025-12-29 17:43:51.185929
621,29,F,Clothing,2024-12-27 17:43:51.185934
622,66,O,Electronics,2025-07-13 17:43:51.185940
623,30,F,Electronics,2026-02-07 17:43:51.185946
624,40,O,Electronics,2025-11-08 17:43:51.185952
625,42,O,Home,2025-10-16 17:43:51.185958
626,52,F,Books,2026-02-04 17:43:51.185964
627,58,M,Home,2024-08-29 17:43:51.185970
628,47,F,Books,2024-06-04 17:43:51.185976
629,34,O,Clothing,2026-04-02 17:43:51.185982
630,66,M,Sports,2024-10-04 17:43:51.185988
631,37,F,Books,2025-10-21 17:43:51.185994
632,65,F,Electronics,2025-09-13 17:43:51.186000
633,42,F,Home,2025-05-30 17:43:51.186006
634,39,M,Clothing,2025-10-26 17:43:51.186012
635,30,O,Electronics,2026-01-01 17:43:51.186018
636,36,F,Clothing,2024-04-27 17:43:51.186024
637,66,F,Sports,2026-02-23 17:43:51.186029
638,53,F,Home,2025-05-31 17:43:51.186035
639,29,F,Home,2024-08-10 17:43:51.186041
640,58,F,Sports,2024-06-23 17:43:51.186047
641,36,O,Home,2025-10-14 17:43:51.186053
642,29,O,Books,2025-10-05 17:43:51.186059
643,26,F,Clothing,2025-06-15 17:43:51.186065
644,24,M,Electronics,2024-05-15 17:43:51.186071
645,45,O,Sports,2026-03-19 17:43:51.186077
646,31,M,Books,2025-04-09 17:43:51.186083
647,48,O,Electronics,2025-04-01 17:43:51.186089
648,69,F,Electronics,2025-08-29 17:43:51.186095
649,36,O,Sports,2024-08-15 17:43:51.186101
650,64,F,Books,2024-11-20 17:43:51.186107
651,33,O,Electronics,2025-07-14 17:43:51.186113
652,22,F,Electronics,2026-04-22 17:43:51.186118
653,52,F,Books,2025-01-14 17:43:51.186124
654,29,F,Home,2025-09-05 17:43:51.186130
655,42,F,Electronics,2025-11-02 17:43:51.186136
656,69,M,Clothing,2026-01-26 17:43:51.186142
657,38,F,Books,2024-10-17 17:43:51.186148
658,53,M,Electronics,2025-12-21 17:43:51.186154
659,40,M,Sports,2025-06-29 17:43:51.186160
660,33,F,Clothing,2024-06-02 17:43:51.186166
661,56,M,Electronics,2024-09-25 17:43:51.186172
662,62,O,Clothing,2024-12-25 17:43:51.186178
663,59,F,Clothing,2025-11-09 17:43:51.186184
664,56,M,Home,2024-05-24 17:43:51.186190
665,31,F,Clothing,2025-04-05 17:43:51.186196
666,48,F,Home,2025-09-26 17:43:51.186201
667,22,F,Books,2025-02-15 17:43:51.186207
668,52,M,Home,2025-03-30 17:43:51.186213
669,40,O,Sports,2024-10-10 17:43:51.186219
670,46,O,Electronics,2025-09-11 17:43:51.186225
671,60,M,Books,2026-04-20 17:43:51.186231
672,28,F,Books,2025-04-16 17:43:51.186237
673,35,M,Sports,2024-06-05 17:43:51.186243
674,64,M,Home,2025-02-01 17:43:51.186251
675,29,M,Electronics,2024-08-20 17:43:51.186257
676,26,F,Home,2025-12-28 17:43:51.186263
677,27,M,Clothing,2025-07-27 17:43:51.186269
678,61,F,Home,2025-01-31 17:43:51.186275
679,34,M,Books,2025-04-20 17:43:51.186281
680,55,O,Electronics,2025-08-13 17:43:51.186286
681,24,M,Home,2025-06-10 17:43:51.186292
682,63,M,Electronics,2025-03-04 17:43:51.186298
683,30,O,Electronics,2026-01-18 17:43:51.186304
684,57,F,Clothing,2026-03-30 17:43:51.186312
685,59,F,Clothing,2024-08-03 17:43:51.186318
686,26,M,Books,2024-06-29 17:43:51.186324
687,67,O,Sports,2026-03-04 17:43:51.186330
688,44,F,Electronics,2024-12-07 17:43:51.186336
689,19,M,Sports,2024-05-05 17:43:51.186342
690,22,O,Books,2024-12-11 17:43:51.186347
691,46,F,Electronics,2025-05-23 17:43:51.186353
692,54,F,Electronics,2026-02-03 17:43:51.186359
693,55,O,Sports,2024-09-18 17:43:51.186365
694,36,O,Home,2026-03-27 17:43:51.186371
695,25,O,Clothing,2025-07-26 17:43:51.186377
696,65,O,Home,2024-10-08 17:43:51.186383
697,62,M,Sports,2025-08-19 17:43:51.186389
698,18,O,Clothing,2024-09-09 17:43:51.186395
699,39,F,Home,2025-04-01 17:43:51.186401
700,69,F,Clothing,2024-05-21 17:43:51.186407
701,34,M,Electronics,2024-10-11 17:43:51.186413
702,24,F,Home,2025-04-27 17:43:51.186419
703,42,F,Clothing,2024-12-21 17:43:51.186425
704,62,O,Clothing,2025-05-06 17:43:51.186431
705,21,F,Clothing,2024-05-22 17:43:51.186437
706,53,M,Home,2025-08-10 17:43:51.186443
707,23,O,Books,2025-09-13 17:43:51.186449
708,48,O,Home,2026-04-22 17:43:51.186454
709,36,M,Sports,2024-10-24 17:43:51.186460
710,61,O,Home,2025-02-01 17:43:51.186466
711,56,O,Clothing,2026-02-03 17:43:51.186472
712,44,M,Electronics,2025-08-30 17:43:51.186478
713,27,O,Home,2025-05-24 17:43:51.186484
714,43,M,Home,2025-05-09 17:43:51.186490
715,36,M,Clothing,2026-01-15 17:43:51.186496
716,56,F,Electronics,2026-01-31 17:43:51.186501
717,20,F,Electronics,2024-12-07 17:43:51.186507
718,62,O,Sports,2025-01-01 17:43:51.186513
719,30,O,Home,2024-05-19 17:43:51.186519
720,67,M,Electronics,2024-10-20 17:43:51.186525
721,45,O,Electronics,2026-04-09 17:43:51.186531
722,37,M,Books,2025-03-27 17:43:51.186537
723,45,M,Books,2025-05-11 17:43:51.186543
724,25,O,Electronics,2025-06-17 17:43:51.186549
725,58,M,Sports,2025-04-02 17:43:51.186555
726,56,F,Electronics,2025-09-26 17:43:51.186561
727,18,O,Clothing,2025-05-01 17:43:51.186566
728,20,F,Home,2024-08-30 17:43:51.186572
729,30,O,Sports,2024-10-02 17:43:51.186578
730,45,M,Clothing,2026-01-19 17:43:51.186584
731,66,O,Sports,2026-01-20 17:43:51.186590
732,42,F,Clothing,2025-05-18 17:43:51.186596
733,50,M,Home,2024-09-03 17:43:51.186602
734,55,O,Home,2025-02-02 17:43:51.186608
735,23,O,Books,2026-04-01 17:43:51.186614
736,61,O,Clothing,2025-07-06 17:43:51.186620
737,62,F,Books,2024-12-24 17:43:51.186625
738,49,F,Clothing,2025-06-21 17:43:51.186631
739,62,O,Books,2024-07-28 17:43:51.186637
740,64,M,Home,2025-12-16 17:43:51.186643
741,38,M,Sports,2024-08-06 17:43:51.186649
742,33,F,Books,2025-07-24 17:43:51.186655
743,38,M,Clothing,2025-02-05 17:43:51.186661
744,28,F,Clothing,2024-12-06 17:43:51.186667
745,54,O,Home,2025-12-14 17:43:51.186673
746,53,F,Clothing,2025-12-12 17:43:51.186679
747,52,F,Electronics,2024-09-03 17:43:51.186684
748,36,O,Sports,2024-12-27 17:43:51.186690
749,37,M,Books,2025-03-29 17:43:51.186696
750,35,F,Sports,2024-09-07 17:43:51.186702
751,64,F,Home,2025-06-02 17:43:51.186708
752,58,O,Books,2026-02-13 17:43:51.186714
753,66,M,Books,2024-07-02 17:43:51.186720
754,31,F,Electronics,2025-01-30 17:43:51.186726
755,32,O,Home,2024-11-11 17:43:51.186732
756,48,F,Clothing,2024-08-14 17:43:51.186738
757,18,O,Electronics,2025-11-09 17:43:51.186743
758,20,M,Electronics,2024-12-21 17:43:51.186749
759,33,M,Sports,2024-05-10 17:43:51.186755
760,40,M,Sports,2024-05-14 17:43:51.186761
761,28,M,Sports,2025-02-21 17:43:51.186767
762,29,F,Electronics,2024-05-26 17:43:51.186777
763,27,F,Clothing,2025-08-01 17:43:51.186783
764,49,M,Books,2024-08-19 17:43:51.186789
765,33,M,Sports,2025-05-16 17:43:51.186795
766,25,M,Clothing,2024-04-27 17:43:51.186801
767,55,F,Home,2025-07-19 17:43:51.186807
768,29,M,Sports,2024-06-18 17:43:51.186813
769,41,M,Books,2025-02-08 17:43:51.186821
770,45,M,Home,2025-11-17 17:43:51.186827
771,25,O,Home,2025-02-25 17:43:51.186833
772,45,M,Books,2025-08-15 17:43:51.186839
773,53,O,Sports,2024-08-22 17:43:51.186845
774,43,O,Electronics,2024-11-09 17:43:51.186851
775,25,M,Books,2025-05-31 17:43:51.186857
776,67,O,Books,2026-01-16 17:43:51.186863
777,45,M,Books,2024-11-26 17:43:51.186868
778,45,F,Home,2025-09-19 17:43:51.186874
779,54,F,Clothing,2025-12-12 17:43:51.186880
780,58,F,Electronics,2025-08-06 17:43:51.186886
781,53,F,Sports,2025-12-19 17:43:51.186892
782,44,O,Sports,2026-01-31 17:43:51.186898
783,34,M,Clothing,2025-07-14 17:43:51.186904
784,26,M,Books,2024-06-09 17:43:51.186910
785,50,M,Electronics,2026-02-23 17:43:51.186915
786,37,F,Sports,2024-10-26 17:43:51.186921
787,30,F,Sports,2025-11-13 17:43:51.186927
788,45,M,Books,2025-07-13 17:43:51.186933
789,65,F,Clothing,2026-01-07 17:43:51.186939
790,46,M,Electronics,2026-01-08 17:43:51.186945
791,30,M,Clothing,2025-02-08 17:43:51.186951
792,63,M,Clothing,2025-09-07 17:43:51.186957
793,52,M,Electronics,2024-05-23 17:43:51.186962
794,23,M,Electronics,2024-09-18 17:43:51.186968
795,35,M,Sports,2025-06-09 17:43:51.186974
796,68,M,Sports,2025-01-14 17:43:51.186980
797,22,F,Electronics,2024-09-01 17:43:51.186986
798,64,M,Home,2025-01-06 17:43:51.186992
799,42,M,Sports,2026-02-26 17:43:51.186998
800,19,F,Home,2024-08-06 17:43:51.187004
801,27,F,Electronics,2026-04-10 17:43:51.187010
802,47,F,Sports,2025-02-07 17:43:51.187015
803,67,M,Clothing,2026-04-05 17:43:51.187021
804,62,O,Electronics,2024-05-29 17:43:51.187027
805,22,O,Books,2025-12-31 17:43:51.187033
806,50,F,Home,2025-09-06 17:43:51.187039
807,18,O,Electronics,2025-11-03 17:43:51.187045
808,35,F,Electronics,2025-07-02 17:43:51.187051
809,49,M,Sports,2025-10-16 17:43:51.187057
810,64,O,Sports,2025-02-21 17:43:51.187062
811,66,M,Sports,2026-02-03 17:43:51.187068
812,28,O,Books,2024-07-04 17:43:51.187074
813,38,M,Sports,2025-10-23 17:43:51.187080
814,43,O,Electronics,2024-12-10 17:43:51.187086
815,42,M,Sports,2024-05-15 17:43:51.187092
816,39,M,Clothing,2026-02-11 17:43:51.187098
817,44,O,Sports,2025-08-18 17:43:51.187104
818,66,M,Books,2025-11-28 17:43:51.187125
819,30,M,Clothing,2024-08-13 17:43:51.187131
820,50,M,Electronics,2025-07-01 17:43:51.187137
821,51,O,Electronics,2024-09-18 17:43:51.187143
822,58,O,Home,2025-01-08 17:43:51.187149
823,52,M,Clothing,2024-12-03 17:43:51.187155
824,18,M,Home,2025-10-12 17:43:51.187161
825,38,O,Clothing,2026-02-14 17:43:51.187167
826,65,O,Clothing,2024-12-15 17:43:51.187173
827,23,M,Books,2026-03-02 17:43:51.187179
828,45,M,Home,2025-04-25 17:43:51.187185
829,34,M,Books,2025-01-04 17:43:51.187191
830,22,F,Clothing,2024-11-18 17:43:51.187197
831,48,O,Electronics,2025-02-16 17:43:51.187203
832,22,F,Clothing,2025-06-29 17:43:51.187208
833,55,O,Books,2025-02-12 17:43:51.187214
834,20,O,Home,2024-05-27 17:43:51.187220
835,40,O,Home,2024-06-01 17:43:51.187226
836,54,O,Books,2025-10-07 17:43:51.187232
837,54,O,Home,2025-12-16 17:43:51.187238
838,27,O,Sports,2024-11-07 17:43:51.187244
839,27,O,Electronics,2025-03-08 17:43:51.187250
840,36,F,Electronics,2026-02-17 17:43:51.187257
841,34,M,Electronics,2024-05-29 17:43:51.187263
842,38,M,Home,2025-08-25 17:43:51.187269
843,31,F,Home,2025-04-19 17:43:51.187275
844,26,F,Clothing,2024-11-03 17:43:51.187281
845,63,F,Clothing,2025-04-04 17:43:51.187287
846,18,F,Electronics,2025-02-16 17:43:51.187293
847,68,O,Sports,2026-01-30 17:43:51.187299
848,62,M,Clothing,2024-05-26 17:43:51.187304
849,30,O,Clothing,2024-08-20 17:43:51.187310
850,21,M,Home,2024-09-26 17:43:51.187316
851,18,M,Sports,2025-07-11 17:43:51.187322
852,66,F,Electronics,2024-11-05 17:43:51.187328
853,57,O,Clothing,2025-01-19 17:43:51.187334
854,49,F,Sports,2025-09-23 17:43:51.187342
855,51,O,Sports,2025-12-18 17:43:51.187348
856,45,M,Electronics,2025-03-06 17:43:51.187354
857,48,F,Sports,2024-12-10 17:43:51.187360
858,25,F,Sports,2025-02-22 17:43:51.187366
859,56,M,Sports,2024-10-16 17:43:51.187372
860,43,M,Clothing,2024-08-21 17:43:51.187378
861,51,M,Electronics,2024-10-27 17:43:51.187385
862,20,F,Sports,2025-11-16 17:43:51.187393
863,67,O,Sports,2026-01-01 17:43:51.187399
864,29,F,Clothing,2025-03-17 17:43:51.187405
865,18,O,Electronics,2025-12-22 17:43:51.187411
866,61,F,Home,2025-07-24 17:43:51.187417
867,22,F,Clothing,2025-07-03 17:43:51.187423
868,47,M,Electronics,2025-03-21 17:43:51.187429
869,47,O,Sports,2025-01-07 17:43:51.187434
870,34,F,Electronics,2025-09-28 17:43:51.187440
871,65,F,Electronics,2026-01-03 17:43:51.187446
872,64,M,Electronics,2025-02-07 17:43:51.187452
873,40,M,Home,2025-07-19 17:43:51.187458
874,32,O,Electronics,2024-10-02 17:43:51.187464
875,54,F,Home,2024-10-01 17:43:51.187471
876,38,O,Sports,2024-12-27 17:43:51.187477
877,31,F,Home,2025-12-30 17:43:51.187483
878,19,O,Sports,2025-01-01 17:43:51.187489
879,28,M,Sports,2024-05-13 17:43:51.187495
880,68,F,Home,2025-06-06 17:43:51.187501
881,56,O,Clothing,2025-10-26 17:43:51.187507
882,55,M,Books,2025-09-16 17:43:51.187513
883,51,M,Electronics,2024-11-11 17:43:51.187519
884,55,O,Books,2024-12-17 17:43:51.187525
885,67,F,Electronics,2026-02-21 17:43:51.187531
886,51,F,Electronics,2026-02-28 17:43:51.187536
887,35,M,Sports,2024-06-12 17:43:51.187542
888,47,F,Electronics,2024-11-01 17:43:51.187548
889,32,F,Electronics,2026-02-17 17:43:51.187554
890,44,F,Home,2024-08-19 17:43:51.187560
891,68,M,Books,2024-09-14 17:43:51.187566
892,51,O,Home,2024-05-19 17:43:51.187572
893,69,F,Electronics,2025-11-03 17:43:51.187578
894,55,M,Sports,2025-07-24 17:43:51.187584
895,50,M,Home,2024-05-24 17:43:51.187589
896,41,O,Home,2024-11-04 17:43:51.187595
897,32,F,Clothing,2025-03-28 17:43:51.187601
898,47,F,Electronics,2024-05-30 17:43:51.187607
899,59,O,Sports,2025-05-31 17:43:51.187613
900,68,O,Home,2026-01-05 17:43:51.187619
901,34,M,Home,2025-11-12 17:43:51.187625
902,22,M,Sports,2025-01-26 17:43:51.187631
903,46,O,Electronics,2025-09-29 17:43:51.187637
904,21,F,Clothing,2024-09-10 17:43:51.187642
905,27,M,Home,2026-04-07 17:43:51.187648
906,34,M,Clothing,2025-05-31 17:43:51.187654
907,27,F,Books,2024-08-23 17:43:51.187660
908,34,M,Electronics,2024-07-03 17:43:51.187666
909,37,F,Books,2026-04-21 17:43:51.187672
910,41,F,Books,2026-04-13 17:43:51.187677
911,22,F,Books,2025-02-13 17:43:51.187683
912,51,O,Electronics,2025-12-19 17:43:51.187689
913,23,O,Electronics,2026-02-01 17:43:51.187695
914,19,O,Sports,2024-12-24 17:43:51.187701
915,30,F,Clothing,2024-07-10 17:43:51.187707
916,60,F,Clothing,2025-11-24 17:43:51.187713
917,60,O,Sports,2025-05-18 17:43:51.187718
918,65,M,Sports,2025-12-15 17:43:51.187724
919,28,F,Books,2025-02-09 17:43:51.187730
920,68,M,Sports,2024-12-08 17:43:51.187736
921,64,M,Home,2026-02-24 17:43:51.187742
922,40,F,Clothing,2025-10-07 17:43:51.187748
923,33,F,Sports,2025-09-24 17:43:51.187754
924,48,M,Home,2026-03-09 17:43:51.187759
925,28,M,Home,2026-01-16 17:43:51.187765
926,33,O,Home,2025-07-18 17:43:51.187771
927,25,O,Home,2024-11-04 17:43:51.187777
928,21,F,Books,2025-03-09 17:43:51.187783
929,57,O,Home,2025-01-17 17:43:51.187789
930,21,O,Books,2025-03-28 17:43:51.187795
931,42,O,Books,2026-03-10 17:43:51.187801
932,20,O,Home,2026-03-27 17:43:51.187807
933,49,M,Clothing,2026-01-16 17:43:51.187812
934,20,F,Home,2024-10-22 17:43:51.187818
935,44,O,Home,2024-08-10 17:43:51.187824
936,46,M,Home,2024-10-03 17:43:51.187830
937,49,M,Clothing,2024-05-19 17:43:51.187836
938,67,M,Electronics,2025-09-16 17:43:51.187842
939,68,O,Electronics,2025-10-20 17:43:51.187848
940,36,O,Books,2026-02-13 17:43:51.187856
941,38,F,Books,2025-12-14 17:43:51.187862
942,22,O,Clothing,2024-10-03 17:43:51.187868
943,35,O,Sports,2024-08-22 17:43:51.187874
944,45,M,Electronics,2024-09-01 17:43:51.187880
945,59,F,Books,2024-07-31 17:43:51.187886
946,39,O,Electronics,2024-05-03 17:43:51.187892
947,38,O,Clothing,2025-05-24 17:43:51.187898
948,23,M,Clothing,2025-11-20 17:43:51.187904
949,18,M,Sports,2024-10-23 17:43:51.187910
950,22,O,Sports,2026-02-03 17:43:51.187916
951,58,F,Clothing,2024-09-21 17:43:51.187922
952,29,F,Books,2025-03-06 17:43:51.187928
953,43,M,Electronics,2024-10-24 17:43:51.187934
954,63,M,Home,2024-08-22 17:43:51.187940
955,51,O,Sports,2025-11-05 17:43:51.187946
956,66,M,Home,2024-06-11 17:43:51.187951
957,31,O,Books,2024-06-29 17:43:51.187957
958,43,F,Sports,2024-09-17 17:43:51.187963
959,62,F,Home,2024-11-24 17:43:51.187969
960,44,O,Books,2025-06-13 17:43:51.187975
961,26,M,Electronics,2026-03-22 17:43:51.187981
962,43,F,Books,2025-07-10 17:43:51.187987
963,64,M,Sports,2024-09-06 17:43:51.187993
964,39,F,Clothing,2026-03-11 17:43:51.187999
965,64,O,Electronics,2024-08-14 17:43:51.188004
966,47,O,Home,2026-04-22 17:43:51.188010
967,60,O,Sports,2024-09-27 17:43:51.188016
968,65,F,Clothing,2025-07-27 17:43:51.188022
969,34,M,Books,2025-10-25 17:43:51.188028
970,43,M,Clothing,2024-11-21 17:43:51.188034
971,53,M,Sports,2026-01-10 17:43:51.188040
972,18,F,Sports,2026-04-13 17:43:51.188045
973,25,F,Clothing,2024-09-17 17:43:51.188051
974,66,F,Books,2026-01-23 17:43:51.188059
975,52,F,Clothing,2025-09-09 17:43:51.188065
976,69,F,Sports,2024-06-22 17:43:51.188071
977,32,M,Sports,2025-12-18 17:43:51.188077
978,64,F,Home,2025-09-26 17:43:51.188083
979,39,F,Home,2026-01-16 17:43:51.188089
980,31,M,Electronics,2026-02-08 17:43:51.188095
981,43,F,Sports,2024-08-04 17:43:51.188100
982,45,M,Home,2025-10-14 17:43:51.188106
983,40,M,Clothing,2024-06-10 17:43:51.188112
984,31,O,Books,2024-05-07 17:43:51.188123
985,41,O,Clothing,2026-02-26 17:43:51.188129
986,19,O,Books,2024-05-03 17:43:51.188135
987,62,O,Home,2024-10-17 17:43:51.188141
988,43,F,Electronics,2026-03-22 17:43:51.188147
989,31,O,Clothing,2024-11-12 17:43:51.188153
990,68,M,Clothing,2024-09-26 17:43:51.188158
991,24,F,Clothing,2024-06-25 17:43:51.188164
992,20,O,Books,2025-07-13 17:43:51.188170
993,64,M,Home,2024-05-02 17:43:51.188176
994,40,F,Clothing,2024-12-15 17:43:51.188184
995,63,F,Clothing,2025-10-18 17:43:51.188193
996,60,O,Electronics,2024-12-11 17:43:51.188201
997,64,F,Electronics,2025-02-05 17:43:51.188210
998,62,M,Home,2025-12-14 17:43:51.188218
999,35,F,Home,2024-07-23 17:43:51.188226
1000,55,M,Sports,2025-07-05 17:43:51.188234
1001,52,F,Electronics,2025-12-30 17:43:51.188242
1002,68,O,Sports,2025-10-06 17:43:51.188251
1003,32,M,Books,2026-04-10 17:43:51.188259
1004,42,F,Sports,2025-07-26 17:43:51.188265
1005,54,F,Clothing,2024-08-30 17:43:51.188271
1006,45,F,Sports,2025-09-20 17:43:51.188277
1007,27,M,Home,2025-02-03 17:43:51.188283
1008,56,M,Books,2024-11-27 17:43:51.188289
1009,34,M,Clothing,2025-01-31 17:43:51.188295
1010,56,O,Sports,2024-05-08 17:43:51.188301
1011,39,O,Books,2026-02-08 17:43:51.188307
1012,43,M,Books,2024-11-02 17:43:51.188313
1013,61,F,Clothing,2026-01-12 17:43:51.188319
1014,42,O,Sports,2025-10-29 17:43:51.188326
1015,34,M,Books,2025-02-20 17:43:51.188333
1016,30,F,Books,2025-12-27 17:43:51.188339
1017,37,O,Electronics,2025-11-08 17:43:51.188346
1018,42,F,Books,2026-03-13 17:43:51.188353
1019,21,F,Electronics,2025-02-18 17:43:51.188358
1020,27,F,Sports,2025-05-14 17:43:51.188364
1021,20,F,Sports,2025-02-23 17:43:51.188370
1022,58,O,Sports,2025-04-22 17:43:51.188376
1023,62,O,Home,2025-12-24 17:43:51.188382
1024,35,O,Sports,2024-08-22 17:43:51.188393
1025,64,M,Books,2024-07-05 17:43:51.188399
1026,53,O,Clothing,2024-04-25 17:43:51.188405
1027,64,F,Electronics,2025-09-06 17:43:51.188411
1028,39,O,Home,2025-12-14 17:43:51.188417
1029,51,F,Sports,2025-05-06 17:43:51.188422
1030,64,M,Sports,2025-06-09 17:43:51.188428
1031,25,F,Clothing,2024-07-13 17:43:51.188434
1032,57,F,Clothing,2025-05-21 17:43:51.188440
1033,66,F,Home,2025-07-24 17:43:51.188446
1034,61,M,Electronics,2025-12-27 17:43:51.188452
1035,36,O,Sports,2025-04-20 17:43:51.188457
1036,59,O,Home,2026-01-19 17:43:51.188463
1037,58,M,Books,2025-11-06 17:43:51.188469
1038,54,F,Books,2024-05-08 17:43:51.188475
1039,23,O,Home,2025-05-17 17:43:51.188481
1040,69,M,Sports,2024-07-01 17:43:51.188487
1041,43,O,Home,2024-05-28 17:43:51.188493
1042,51,M,Sports,2025-11-22 17:43:51.188500
1043,62,F,Clothing,2024-09-14 17:43:51.188506
1044,23,O,Home,2025-07-23 17:43:51.188512
1045,54,M,Sports,2024-10-16 17:43:51.188518
1046,50,O,Home,2024-12-13 17:43:51.188524
1047,39,O,Home,2024-04-29 17:43:51.188529
1048,38,O,Sports,2026-01-12 17:43:51.188535
1049,23,O,Sports,2024-10-13 17:43:51.188541
1050,23,M,Electronics,2026-01-31 17:43:51.188547
1051,65,F,Home,2024-11-10 17:43:51.188553
1052,21,M,Books,2026-02-09 17:43:51.188559
1053,47,M,Home,2026-04-09 17:43:51.188564
1054,28,M,Home,2025-02-14 17:43:51.188570
1055,47,F,Sports,2025-11-17 17:43:51.188576
1056,48,O,Home,2025-12-12 17:43:51.188582
1057,41,O,Home,2025-05-20 17:43:51.188587
1058,26,O,Books,2025-03-15 17:43:51.188593
1059,20,F,Sports,2025-04-12 17:43:51.188599
1060,68,O,Home,2024-10-11 17:43:51.188605
1061,48,F,Clothing,2026-01-06 17:43:51.188611
1062,57,O,Electronics,2024-08-11 17:43:51.188617
1063,54,O,Books,2025-08-01 17:43:51.188622
1064,53,M,Home,2025-09-30 17:43:51.188628
1065,41,F,Clothing,2026-02-03 17:43:51.188634
1066,48,M,Home,2025-11-19 17:43:51.188640
1067,23,M,Home,2025-08-19 17:43:51.188646
1068,19,M,Sports,2024-11-08 17:43:51.188652
1069,37,F,Sports,2024-11-01 17:43:51.188658
1070,45,F,Sports,2024-04-24 17:43:51.188665
1071,28,O,Clothing,2025-11-20 17:43:51.188670
1072,21,M,Home,2025-11-20 17:43:51.188676
1073,32,O,Electronics,2024-06-06 17:43:51.188682
1074,23,M,Books,2026-01-21 17:43:51.188688
1075,66,F,Sports,2025-02-14 17:43:51.188694
1076,47,F,Sports,2025-05-20 17:43:51.188699
1077,55,F,Home,2024-12-29 17:43:51.188705
1078,68,M,Home,2024-05-30 17:43:51.188711
1079,19,F,Clothing,2025-12-13 17:43:51.188717
1080,32,M,Clothing,2025-01-28 17:43:51.188723
1081,28,O,Sports,2025-07-24 17:43:51.188728
1082,25,M,Home,2024-09-12 17:43:51.188734
1083,43,O,Electronics,2025-10-28 17:43:51.188740
1084,68,M,Books,2024-05-27 17:43:51.188746
1085,62,O,Home,2024-07-19 17:43:51.188752
1086,61,F,Home,2026-03-05 17:43:51.188758
1087,22,O,Clothing,2024-10-03 17:43:51.188763
1088,23,F,Books,2024-06-26 17:43:51.188769
1089,43,F,Sports,2025-05-03 17:43:51.188775
1090,21,O,Home,2024-05-11 17:43:51.188781
1091,36,M,Sports,2025-06-19 17:43:51.188787
1092,37,M,Home,2024-08-01 17:43:51.188792
1093,50,M,Sports,2026-03-08 17:43:51.188798
1094,37,M,Books,2025-06-25 17:43:51.188804
1095,66,M,Clothing,2025-03-11 17:43:51.188810
1096,29,F,Books,2025-10-16 17:43:51.188816
1097,64,M,Electronics,2025-12-15 17:43:51.188822
1098,18,F,Clothing,2024-10-09 17:43:51.188827
1099,43,F,Books,2024-11-02 17:43:51.188833
1100,31,F,Electronics,2025-07-31 17:43:51.188839
1101,55,O,Home,2025-12-26 17:43:51.188845
1102,54,O,Home,2025-01-14 17:43:51.188892
1103,28,F,Sports,2025-11-30 17:43:51.188899
1104,53,O,Clothing,2025-02-05 17:43:51.188905
1105,30,M,Home,2025-10-05 17:43:51.188911
1106,60,M,Clothing,2025-11-17 17:43:51.188917
1107,20,F,Home,2024-12-22 17:43:51.188923
1108,50,M,Sports,2025-12-10 17:43:51.188929
1109,23,F,Books,2025-11-26 17:43:51.188938
1110,67,F,Sports,2025-05-22 17:43:51.188944
1111,27,M,Electronics,2026-02-11 17:43:51.188950
1112,22,O,Home,2025-09-02 17:43:51.188956
1113,40,M,Electronics,2025-05-24 17:43:51.188963
1114,27,M,Electronics,2024-06-26 17:43:51.188970
1115,61,F,Clothing,2026-01-23 17:43:51.188976
1116,19,F,Home,2025-05-24 17:43:51.188982
1117,30,F,Electronics,2025-10-06 17:43:51.188988
1118,57,F,Books,2025-11-13 17:43:51.188994
1119,19,O,Electronics,2024-11-01 17:43:51.189000
1120,37,O,Books,2025-12-23 17:43:51.189005
1121,18,O,Clothing,2025-06-26 17:43:51.189011
1122,54,F,Electronics,2024-04-29 17:43:51.189017
1123,26,F,Sports,2024-09-25 17:43:51.189023
1124,34,F,Clothing,2025-02-11 17:43:51.189029
1125,26,O,Books,2026-02-14 17:43:51.189035
1126,28,F,Clothing,2025-01-19 17:43:51.189041
1127,32,M,Electronics,2024-11-25 17:43:51.189047
1128,41,M,Home,2025-03-21 17:43:51.189053
1129,55,F,Home,2024-08-11 17:43:51.189059
1130,52,M,Books,2025-07-11 17:43:51.189064
1131,47,M,Books,2024-10-09 17:43:51.189070
1132,48,O,Home,2025-12-04 17:43:51.189076
1133,66,F,Books,2024-04-23 17:43:51.189082
1134,22,F,Clothing,2024-10-14 17:43:51.189088
1135,61,O,Sports,2024-09-10 17:43:51.189094
1136,67,M,Sports,2024-04-25 17:43:51.189100
1137,31,M,Clothing,2024-08-21 17:43:51.189106
1138,28,F,Sports,2025-07-15 17:43:51.189112
1139,26,M,Electronics,2024-07-01 17:43:51.189131
1140,51,O,Clothing,2024-09-22 17:43:51.189137
1141,29,O,Books,2025-01-21 17:43:51.189143
1142,52,F,Clothing,2026-01-26 17:43:51.189149
1143,52,O,Home,2026-02-03 17:43:51.189155
1144,18,O,Books,2025-09-30 17:43:51.189161
1145,57,F,Home,2025-05-21 17:43:51.189167
1146,39,O,Books,2025-08-12 17:43:51.189173
1147,46,O,Sports,2025-06-23 17:43:51.189179
1148,25,O,Clothing,2025-04-08 17:43:51.189185
1149,28,M,Electronics,2025-12-14 17:43:51.189191
1150,58,F,Books,2024-09-04 17:43:51.189196
1151,54,F,Books,2025-07-21 17:43:51.189202
1152,31,F,Home,2024-05-24 17:43:51.189208
1153,47,M,Sports,2024-10-12 17:43:51.189214
1154,52,M,Home,2025-10-22 17:43:51.189220
1155,38,F,Home,2025-07-29 17:43:51.189226
1156,54,M,Sports,2025-06-05 17:43:51.189232
1157,22,F,Electronics,2024-11-27 17:43:51.189238
1158,36,M,Home,2024-08-19 17:43:51.189244
1159,31,O,Home,2026-02-04 17:43:51.189249
1160,43,O,Books,2025-05-19 17:43:51.189255
1161,21,F,Sports,2024-06-18 17:43:51.189261
1162,42,M,Clothing,2024-10-14 17:43:51.189268
1163,62,M,Electronics,2024-11-30 17:43:51.189274
1164,59,O,Electronics,2025-08-28 17:43:51.189280
1165,42,O,Sports,2025-12-10 17:43:51.189286
1166,35,M,Books,2025-10-13 17:43:51.189292
1167,57,M,Books,2025-05-02 17:43:51.189297
1168,25,M,Sports,2025-07-19 17:43:51.189303
1169,56,M,Books,2026-04-05 17:43:51.189309
1170,57,M,Electronics,2024-11-15 17:43:51.189315
1171,31,M,Electronics,2025-10-25 17:43:51.189321
1172,49,F,Clothing,2025-12-21 17:43:51.189327
1173,68,M,Sports,2025-08-20 17:43:51.189333
1174,55,O,Home,2025-04-15 17:43:51.189339
1175,50,F,Home,2026-03-03 17:43:51.189345
1176,40,M,Clothing,2026-02-11 17:43:51.189351
1177,32,O,Clothing,2024-12-29 17:43:51.189356
1178,50,F,Books,2024-10-10 17:43:51.189362
1179,42,O,Clothing,2026-04-04 17:43:51.189368
1180,34,M,Clothing,2026-01-29 17:43:51.189374
1181,50,M,Home,2025-11-19 17:43:51.189380
1182,64,M,Books,2024-10-05 17:43:51.189385
1183,19,M,Clothing,2024-08-12 17:43:51.189391
1184,31,F,Clothing,2025-05-01 17:43:51.189397
1185,57,F,Books,2024-07-15 17:43:51.189403
1186,57,O,Sports,2025-02-04 17:43:51.189409
1187,68,M,Books,2026-02-13 17:43:51.189415
1188,56,O,Home,2024-11-16 17:43:51.189421
1189,68,F,Sports,2025-12-01 17:43:51.189427
1190,23,M,Electronics,2025-10-13 17:43:51.189432
1191,23,M,Books,2025-04-01 17:43:51.189438
1192,20,F,Home,2025-04-10 17:43:51.189444
1193,24,F,Sports,2024-09-19 17:43:51.189450
1194,68,F,Books,2024-11-04 17:43:51.189460
1195,25,F,Clothing,2024-05-30 17:43:51.189466
1196,59,F,Books,2025-07-04 17:43:51.189472
1197,69,M,Electronics,2026-04-14 17:43:51.189477
1198,32,F,Books,2025-07-26 17:43:51.189483
1199,64,M,Sports,2025-04-01 17:43:51.189489
1200,46,M,Sports,2026-01-20 17:43:51.189495
1201,50,F,Books,2024-11-10 17:43:51.189501
1202,69,F,Sports,2025-11-20 17:43:51.189507
1203,47,M,Clothing,2025-03-14 17:43:51.189513
1204,56,F,Books,2025-11-25 17:43:51.189519
1205,44,F,Clothing,2025-07-30 17:43:51.189525
1206,53,F,Clothing,2025-02-25 17:43:51.189531
1207,46,O,Home,2024-08-13 17:43:51.189536
1208,55,M,Books,2025-01-06 17:43:51.189542
1209,50,O,Sports,2024-10-23 17:43:51.189548
1210,54,F,Clothing,2024-07-31 17:43:51.189554
1211,44,O,Home,2024-11-13 17:43:51.189560
1212,50,F,Books,2024-12-06 17:43:51.189566
1213,21,O,Books,2026-04-09 17:43:51.189572
1214,39,F,Electronics,2024-07-10 17:43:51.189578
1215,19,O,Electronics,2025-04-24 17:43:51.189584
1216,27,O,Clothing,2025-12-25 17:43:51.189589
1217,22,O,Electronics,2025-08-28 17:43:51.189595
1218,27,M,Clothing,2024-10-24 17:43:51.189601
1219,50,O,Sports,2025-11-05 17:43:51.189607
1220,55,M,Clothing,2024-11-17 17:43:51.189613
1221,30,F,Electronics,2024-07-28 17:43:51.189619
1222,48,O,Sports,2024-07-05 17:43:51.189625
1223,64,F,Electronics,2024-11-23 17:43:51.189631
1224,53,F,Clothing,2025-03-22 17:43:51.189637
1225,62,O,Home,2026-01-07 17:43:51.189643
1226,41,M,Books,2026-01-28 17:43:51.189649
1227,69,O,Electronics,2025-09-21 17:43:51.189657
1228,32,F,Clothing,2025-12-23 17:43:51.189666
1229,46,F,Sports,2025-12-12 17:43:51.189683
1230,25,O,Electronics,2025-10-08 17:43:51.189699
1231,22,M,Electronics,2026-04-04 17:43:51.189707
1232,46,M,Books,2024-07-20 17:43:51.189716
1233,64,F,Clothing,2026-04-11 17:43:51.189724
1234,21,F,Home,2026-02-01 17:43:51.189731
1235,29,M,Sports,2025-05-28 17:43:51.189739
1236,62,O,Clothing,2025-03-27 17:43:51.189746
1237,19,F,Sports,2024-07-25 17:43:51.189753
1238,44,M,Electronics,2025-06-20 17:43:51.189761
1239,48,F,Books,2025-07-30 17:43:51.189770
1240,68,O,Books,2025-01-31 17:43:51.189779
1241,68,M,Home,2025-02-06 17:43:51.189790
1242,53,F,Books,2024-07-10 17:43:51.189796
1243,53,O,Electronics,2026-04-21 17:43:51.189802
1244,43,F,Home,2024-11-19 17:43:51.189808
1245,60,O,Clothing,2024-07-11 17:43:51.189814
1246,44,O,Books,2024-07-26 17:43:51.189838
1247,22,M,Home,2025-06-18 17:43:51.189846
1248,37,O,Electronics,2024-11-17 17:43:51.189851
1249,28,F,Sports,2025-01-09 17:43:51.189857
1250,27,O,Sports,2025-09-23 17:43:51.189863
1251,57,O,Electronics,2026-01-01 17:43:51.189869
1252,55,M,Electronics,2026-04-15 17:43:51.189875
1253,23,O,Sports,2025-01-01 17:43:51.189881
1254,25,O,Home,2025-01-18 17:43:51.189886
1255,40,F,Sports,2025-08-13 17:43:51.189892
1256,64,M,Electronics,2024-11-13 17:43:51.189898
1257,43,M,Books,2025-02-09 17:43:51.189904
1258,63,M,Clothing,2024-07-01 17:43:51.189910
1259,60,O,Books,2025-08-30 17:43:51.189916
1260,29,M,Books,2025-06-21 17:43:51.189921
1261,43,O,Electronics,2024-12-31 17:43:51.189927
1262,30,O,Sports,2024-06-13 17:43:51.189933
1263,57,F,Home,2026-04-03 17:43:51.189939
1264,35,F,Books,2025-09-19 17:43:51.189946
1265,42,F,Sports,2025-12-09 17:43:51.189952
1266,50,F,Home,2025-12-15 17:43:51.189958
1267,64,F,Books,2025-03-09 17:43:51.189963
1268,57,O,Home,2025-02-25 17:43:51.189969
1269,60,O,Sports,2025-07-03 17:43:51.189975
1270,29,M,Clothing,2025-08-20 17:43:51.189981
1271,61,O,Sports,2024-05-22 17:43:51.189987
1272,53,O,Electronics,2024-10-14 17:43:51.189992
1273,65,F,Home,2026-01-27 17:43:51.189998
1274,21,O,Clothing,2024-10-14 17:43:51.190004
1275,22,F,Home,2025-04-13 17:43:51.190010
1276,54,M,Home,2025-02-01 17:43:51.190015
1277,25,M,Books,2025-04-10 17:43:51.190021
1278,59,O,Electronics,2025-03-29 17:43:51.190027
1279,66,M,Home,2024-07-05 17:43:51.190033
1280,45,O,Sports,2026-03-03 17:43:51.190044
1281,48,M,Sports,2025-08-24 17:43:51.190051
1282,26,F,Books,2025-07-03 17:43:51.190057
1283,68,F,Electronics,2024-10-07 17:43:51.190063
1284,46,F,Electronics,2025-07-31 17:43:51.190069
1285,31,F,Sports,2025-12-24 17:43:51.190075
1286,57,O,Clothing,2024-05-11 17:43:51.190081
1287,58,M,Books,2025-08-18 17:43:51.190087
1288,39,O,Books,2026-02-12 17:43:51.190093
1289,28,F,Sports,2026-02-25 17:43:51.190099
1290,40,O,Sports,2025-04-06 17:43:51.190105
1291,18,M,Clothing,2026-03-15 17:43:51.190111
1292,63,O,Clothing,2025-02-04 17:43:51.190146
1293,54,M,Electronics,2026-04-05 17:43:51.190153
1294,38,O,Books,2025-05-06 17:43:51.190158
1295,43,M,Books,2025-06-29 17:43:51.190164
1296,63,M,Sports,2025-07-14 17:43:51.190170
1297,53,F,Electronics,2024-09-14 17:43:51.190176
1298,40,M,Books,2026-01-03 17:43:51.190182
1299,18,F,Electronics,2025-10-25 17:43:51.190188
1300,68,F,Electronics,2024-10-26 17:43:51.190194
1301,57,F,Sports,2026-03-29 17:43:51.190200
1302,32,O,Electronics,2026-02-25 17:43:51.190206
1303,38,O,Clothing,2025-10-25 17:43:51.190212
1304,64,O,Clothing,2025-09-03 17:43:51.190218
1305,26,O,Home,2025-05-15 17:43:51.190223
1306,26,M,Sports,2025-01-01 17:43:51.190229
1307,27,M,Home,2024-09-24 17:43:51.190236
1308,69,O,Clothing,2025-01-23 17:43:51.190242
1309,43,M,Home,2025-09-03 17:43:51.190248
1310,58,M,Sports,2025-07-08 17:43:51.190253
1311,52,F,Sports,2025-09-22 17:43:51.190259
1312,69,F,Electronics,2025-08-08 17:43:51.190265
1313,42,F,Books,2024-11-09 17:43:51.190271
1314,43,F,Electronics,2024-06-05 17:43:51.190277
1315,28,M,Sports,2025-09-06 17:43:51.190282
1316,55,O,Clothing,2025-09-09 17:43:51.190288
1317,19,M,Clothing,2024-09-04 17:43:51.190294
1318,24,M,Electronics,2025-02-12 17:43:51.190300
1319,35,M,Sports,2025-03-17 17:43:51.190306
1320,44,F,Clothing,2024-08-09 17:43:51.190312
1321,51,F,Sports,2026-01-25 17:43:51.190318
1322,44,F,Clothing,2024-09-16 17:43:51.190323
1323,34,O,Sports,2024-10-28 17:43:51.190329
1324,60,M,Home,2024-06-08 17:43:51.190335
1325,61,O,Sports,2025-06-18 17:43:51.190341
1326,68,F,Sports,2025-05-15 17:43:51.190347
1327,41,O,Electronics,2025-02-11 17:43:51.190353
1328,42,M,Home,2025-10-28 17:43:51.190358
1329,24,M,Books,2025-12-05 17:43:51.190364
1330,69,F,Electronics,2025-10-11 17:43:51.190370
1331,23,F,Books,2025-10-19 17:43:51.190376
1332,41,O,Clothing,2025-09-17 17:43:51.190382
1333,50,F,Books,2025-11-10 17:43:51.190388
1334,66,F,Sports,2025-11-13 17:43:51.190394
1335,46,M,Books,2024-11-14 17:43:51.190400
1336,60,F,Electronics,2024-08-30 17:43:51.190406
1337,39,F,Electronics,2026-03-12 17:43:51.190412
1338,43,M,Books,2025-09-25 17:43:51.190418
1339,45,M,Electronics,2025-07-22 17:43:51.190423
1340,67,O,Electronics,2025-07-18 17:43:51.190429
1341,38,F,Books,2025-08-15 17:43:51.190435
1342,66,M,Home,2025-06-17 17:43:51.190441
1343,24,O,Home,2024-05-03 17:43:51.190447
1344,34,O,Clothing,2025-12-04 17:43:51.190452
1345,37,F,Electronics,2024-10-24 17:43:51.190458
1346,58,F,Books,2024-11-09 17:43:51.190464
1347,66,O,Electronics,2026-02-25 17:43:51.190470
1348,37,M,Sports,2026-01-01 17:43:51.190476
1349,39,O,Electronics,2026-04-18 17:43:51.190482
1350,45,F,Electronics,2025-03-09 17:43:51.190487
1351,57,M,Home,2025-03-05 17:43:51.190493
1352,66,M,Books,2025-10-23 17:43:51.190499
1353,24,O,Electronics,2026-04-10 17:43:51.190505
1354,18,F,Home,2025-05-19 17:43:51.190511
1355,49,O,Clothing,2025-08-07 17:43:51.190516
1356,30,O,Home,2026-01-23 17:43:51.190522
1357,47,O,Home,2024-08-15 17:43:51.190528
1358,40,M,Home,2024-05-25 17:43:51.190534
1359,68,M,Electronics,2025-08-16 17:43:51.190540
1360,36,F,Electronics,2025-08-11 17:43:51.190546
1361,49,F,Clothing,2024-09-12 17:43:51.190551
1362,47,O,Sports,2026-01-05 17:43:51.190557
1363,46,O,Sports,2024-06-24 17:43:51.190563
1364,66,O,Sports,2024-09-06 17:43:51.190572
1365,62,F,Clothing,2024-09-11 17:43:51.190578
1366,46,M,Sports,2024-12-24 17:43:51.190584
1367,47,M,Sports,2025-08-08 17:43:51.190589
1368,33,O,Home,2024-07-23 17:43:51.190595
1369,57,O,Electronics,2025-07-15 17:43:51.190601
1370,36,O,Electronics,2026-01-25 17:43:51.190607
1371,35,O,Home,2025-10-01 17:43:51.190613
1372,18,F,Home,2026-04-07 17:43:51.190619
1373,31,M,Home,2025-11-23 17:43:51.190624
1374,68,O,Electronics,2025-08-12 17:43:51.190638
1375,64,F,Sports,2025-10-17 17:43:51.190644
1376,67,O,Home,2025-05-29 17:43:51.190650
1377,19,O,Clothing,2024-10-26 17:43:51.190656
1378,45,M,Home,2025-03-22 17:43:51.190662
1379,66,O,Books,2024-11-22 17:43:51.190668
1380,67,M,Home,2025-01-19 17:43:51.190674
1381,47,M,Electronics,2025-05-28 17:43:51.190679
1382,55,M,Home,2025-11-05 17:43:51.190685
1383,68,F,Books,2024-05-30 17:43:51.190691
1384,21,F,Clothing,2025-04-22 17:43:51.190697
1385,18,M,Sports,2025-10-27 17:43:51.190703
1386,25,O,Home,2024-07-07 17:43:51.190709
1387,46,M,Books,2025-04-26 17:43:51.190715
1388,56,O,Books,2024-07-23 17:43:51.190720
1389,20,M,Clothing,2026-03-14 17:43:51.190726
1390,49,O,Electronics,2025-03-03 17:43:51.190732
1391,27,F,Home,2025-05-03 17:43:51.190738
1392,27,O,Books,2025-08-11 17:43:51.190744
1393,36,M,Clothing,2025-12-01 17:43:51.190749
1394,63,F,Sports,2024-05-13 17:43:51.190755
1395,51,O,Books,2024-09-23 17:43:51.190761
1396,50,O,Clothing,2026-04-12 17:43:51.190767
1397,40,O,Electronics,2024-08-11 17:43:51.190773
1398,45,O,Electronics,2026-03-28 17:43:51.190780
1399,49,O,Books,2025-02-26 17:43:51.190788
1400,67,F,Books,2024-06-29 17:43:51.190799
1401,24,F,Home,2025-09-14 17:43:51.190808
1402,46,F,Clothing,2024-12-13 17:43:51.190814
1403,25,F,Books,2025-08-29 17:43:51.190820
1404,18,M,Home,2025-08-29 17:43:51.190826
1405,20,F,Home,2025-09-16 17:43:51.190832
1406,41,O,Books,2024-12-22 17:43:51.190878
1407,40,O,Electronics,2025-01-17 17:43:51.190886
1408,25,F,Clothing,2024-06-29 17:43:51.190892
1409,64,O,Clothing,2024-07-27 17:43:51.190898
1410,54,F,Electronics,2025-11-30 17:43:51.190904
1411,20,O,Books,2025-10-16 17:43:51.190909
1412,68,M,Clothing,2025-08-11 17:43:51.190915
1413,50,M,Books,2026-02-14 17:43:51.190921
1414,45,F,Books,2024-08-15 17:43:51.190927
1415,64,F,Home,2025-05-22 17:43:51.190933
1416,25,F,Electronics,2024-06-21 17:43:51.190938
1417,51,O,Books,2025-03-10 17:43:51.190944
1418,52,F,Sports,2025-06-27 17:43:51.190950
1419,49,M,Electronics,2024-08-29 17:43:51.190956
1420,41,O,Clothing,2025-05-01 17:43:51.190962
1421,31,F,Home,2025-08-10 17:43:51.190968
1422,49,O,Clothing,2025-05-05 17:43:51.190973
1423,63,O,Clothing,2024-11-18 17:43:51.190979
1424,60,F,Electronics,2024-11-15 17:43:51.190985
1425,33,O,Clothing,2024-05-29 17:43:51.190991
1426,21,M,Books,2025-07-13 17:43:51.190997
1427,69,M,Clothing,2025-06-15 17:43:51.191002
1428,54,O,Home,2026-01-14 17:43:51.191008
1429,38,F,Home,2025-10-08 17:43:51.191014
1430,31,O,Sports,2024-12-27 17:43:51.191020
1431,48,M,Home,2025-09-09 17:43:51.191026
1432,65,O,Clothing,2024-08-16 17:43:51.191031
1433,35,O,Home,2024-08-13 17:43:51.191037
1434,24,M,Electronics,2025-04-23 17:43:51.191043
1435,27,O,Home,2025-04-20 17:43:51.191049
1436,24,O,Books,2024-09-30 17:43:51.191054
1437,50,F,Electronics,2024-09-10 17:43:51.191060
1438,40,F,Sports,2026-02-07 17:43:51.191066
1439,38,M,Books,2026-03-12 17:43:51.191072
1440,36,M,Clothing,2025-02-25 17:43:51.191077
1441,65,M,Clothing,2025-10-24 17:43:51.191083
1442,36,F,Clothing,2024-10-25 17:43:51.191089
1443,53,M,Books,2026-02-11 17:43:51.191095
1444,46,M,Books,2024-10-02 17:43:51.191101
1445,35,M,Books,2026-01-08 17:43:51.191106
1446,19,F,Electronics,2025-10-05 17:43:51.191112
1447,18,O,Electronics,2026-01-12 17:43:51.191118
1448,64,M,Clothing,2025-06-20 17:43:51.191124
1449,22,O,Home,2024-09-14 17:43:51.191132
1450,37,M,Clothing,2024-06-09 17:43:51.191138
1451,28,O,Sports,2025-04-11 17:43:51.191144
1452,59,F,Electronics,2024-07-07 17:43:51.191150
1453,19,F,Books,2024-06-14 17:43:51.191156
1454,20,M,Electronics,2025-03-20 17:43:51.191161
1455,40,O,Books,2025-09-14 17:43:51.191167
1456,29,F,Sports,2024-09-05 17:43:51.191173
1457,37,M,Sports,2025-10-23 17:43:51.191179
1458,22,M,Electronics,2025-06-20 17:43:51.191184
1459,54,F,Books,2024-11-17 17:43:51.191190
1460,55,F,Sports,2025-03-23 17:43:51.191196
1461,47,M,Clothing,2026-04-19 17:43:51.191202
1462,26,O,Clothing,2025-07-16 17:43:51.191208
1463,51,O,Books,2025-09-20 17:43:51.191214
1464,61,O,Electronics,2024-08-21 17:43:51.191219
1465,52,M,Sports,2025-02-27 17:43:51.191225
1466,69,F,Electronics,2026-01-12 17:43:51.191231
1467,39,M,Clothing,2024-11-18 17:43:51.191237
1468,61,F,Sports,2024-09-27 17:43:51.191242
1469,41,O,Electronics,2025-06-18 17:43:51.191248
1470,34,O,Home,2024-07-04 17:43:51.191254
1471,27,F,Books,2024-11-29 17:43:51.191260
1472,47,F,Books,2026-02-19 17:43:51.191266
1473,63,M,Home,2024-07-29 17:43:51.191272
1474,40,O,Clothing,2025-09-09 17:43:51.191278
1475,49,M,Sports,2026-01-08 17:43:51.191283
1476,34,M,Books,2025-02-22 17:43:51.191289
1477,67,M,Home,2025-08-11 17:43:51.191295
1478,68,O,Home,2025-02-18 17:43:51.191301
1479,34,M,Clothing,2025-02-13 17:43:51.191306
1480,31,M,Clothing,2025-09-28 17:43:51.191312
1481,26,M,Electronics,2026-03-26 17:43:51.191318
1482,57,M,Books,2024-06-10 17:43:51.191324
1483,19,M,Electronics,2025-05-22 17:43:51.191330
1484,62,M,Home,2024-09-12 17:43:51.191336
1485,42,O,Sports,2024-08-03 17:43:51.191342
1486,56,M,Sports,2026-02-13 17:43:51.191347
1487,26,F,Clothing,2024-11-26 17:43:51.191353
1488,39,M,Sports,2025-11-07 17:43:51.191359
1489,60,M,Sports,2024-04-23 17:43:51.191365
1490,63,O,Sports,2025-04-20 17:43:51.191371
1491,21,O,Home,2025-08-15 17:43:51.191376
1492,43,F,Sports,2024-06-06 17:43:51.191382
1493,46,F,Sports,2025-11-04 17:43:51.191388
1494,62,O,Sports,2026-01-23 17:43:51.191394
1495,51,O,Electronics,2024-10-09 17:43:51.191400
1496,40,M,Home,2025-02-01 17:43:51.191406
1497,54,O,Clothing,2025-07-03 17:43:51.191411
1498,28,F,Electronics,2025-11-24 17:43:51.191417
1499,23,M,Books,2025-12-12 17:43:51.191423
1500,35,F,Home,2025-02-14 17:43:51.191429
1501,38,M,Home,2026-02-23 17:43:51.191435
1502,59,O,Books,2025-10-06 17:43:51.191440
1503,53,F,Books,2025-09-20 17:43:51.191446
1504,58,M,Books,2024-10-09 17:43:51.191452
1505,55,M,Clothing,2025-01-06 17:43:51.191458
1506,51,O,Sports,2025-08-19 17:43:51.191464
1507,34,O,Home,2025-04-06 17:43:51.191469
1508,54,O,Sports,2025-08-27 17:43:51.191475
1509,42,F,Sports,2025-04-21 17:43:51.191481
1510,55,M,Books,2025-11-06 17:43:51.191487
1511,29,O,Clothing,2024-10-10 17:43:51.191492
1512,40,F,Electronics,2026-03-03 17:43:51.191498
1513,59,F,Clothing,2024-08-21 17:43:51.191504
1514,39,F,Sports,2024-04-25 17:43:51.191510
1515,38,O,Clothing,2024-06-03 17:43:51.191516
1516,44,O,Books,2025-04-08 17:43:51.191521
1517,48,M,Electronics,2025-01-04 17:43:51.191527
1518,23,M,Books,2026-02-02 17:43:51.191533
1519,44,O,Electronics,2024-05-26 17:43:51.191539
1520,57,F,Sports,2025-04-21 17:43:51.191544
1521,51,F,Electronics,2025-01-17 17:43:51.191550
1522,29,F,Electronics,2024-10-31 17:43:51.191556
1523,62,M,Electronics,2025-01-26 17:43:51.191562
1524,24,F,Clothing,2025-01-14 17:43:51.191568
1525,27,M,Clothing,2024-12-31 17:43:51.191573
1526,62,M,Sports,2025-02-27 17:43:51.191579
1527,34,F,Electronics,2024-05-16 17:43:51.191585
1528,43,F,Home,2025-09-21 17:43:51.191591
1529,38,O,Sports,2025-04-19 17:43:51.191596
1530,45,O,Electronics,2025-12-30 17:43:51.191602
1531,63,F,Electronics,2024-12-06 17:43:51.191608
1532,19,M,Clothing,2024-07-26 17:43:51.191614
1533,60,M,Sports,2024-09-12 17:43:51.191620
1534,18,M,Electronics,2025-06-16 17:43:51.191627
1535,68,M,Electronics,2025-01-09 17:43:51.191639
1536,53,M,Sports,2024-05-15 17:43:51.191645
1537,68,O,Home,2026-03-10 17:43:51.191651
1538,43,F,Sports,2025-03-04 17:43:51.191657
1539,46,O,Sports,2024-05-25 17:43:51.191663
1540,38,M,Home,2025-08-20 17:43:51.191668
1541,28,M,Sports,2026-01-29 17:43:51.191674
1542,57,M,Electronics,2025-09-28 17:43:51.191680
1543,28,M,Sports,2025-11-23 17:43:51.191686
1544,53,F,Home,2024-06-24 17:43:51.191691
1545,66,M,Books,2024-11-11 17:43:51.191697
1546,56,F,Sports,2025-11-09 17:43:51.191703
1547,57,M,Clothing,2025-11-29 17:43:51.191709
1548,52,F,Electronics,2026-03-17 17:43:51.191715
1549,51,O,Electronics,2025-05-25 17:43:51.191720
1550,64,M,Clothing,2025-03-16 17:43:51.191726
1551,41,F,Clothing,2025-03-05 17:43:51.191732
1552,39,O,Sports,2026-03-09 17:43:51.191738
1553,22,M,Clothing,2025-03-17 17:43:51.191744
1554,50,M,Books,2025-09-29 17:43:51.191749
1555,53,M,Home,2026-02-20 17:43:51.191755
1556,64,F,Clothing,2025-02-27 17:43:51.191761
1557,37,F,Clothing,2025-01-10 17:43:51.191767
1558,36,O,Books,2026-04-04 17:43:51.191772
1559,52,F,Electronics,2025-04-23 17:43:51.191778
1560,69,F,Electronics,2025-06-27 17:43:51.191784
1561,60,M,Sports,2026-04-16 17:43:51.191790
1562,34,M,Books,2025-02-19 17:43:51.191796
1563,62,M,Home,2025-12-27 17:43:51.191801
1564,60,M,Home,2024-09-20 17:43:51.191807
1565,51,M,Books,2024-12-02 17:43:51.191813
1566,26,M,Home,2024-10-24 17:43:51.191819
1567,43,M,Electronics,2024-05-17 17:43:51.191825
1568,19,O,Home,2025-06-02 17:43:51.191830
1569,26,O,Home,2026-02-27 17:43:51.191836
1570,26,O,Books,2026-03-12 17:43:51.191842
1571,57,O,Books,2025-06-30 17:43:51.191848
1572,34,M,Home,2025-09-04 17:43:51.191854
1573,18,O,Clothing,2025-01-25 17:43:51.191859
1574,42,M,Books,2025-03-25 17:43:51.191865
1575,60,O,Sports,2024-11-17 17:43:51.191871
1576,57,F,Sports,2025-04-30 17:43:51.191876
1577,59,O,Electronics,2025-02-03 17:43:51.191882
1578,42,O,Home,2025-12-16 17:43:51.191888
1579,56,M,Clothing,2024-06-01 17:43:51.191894
1580,52,O,Electronics,2025-03-14 17:43:51.191899
1581,20,F,Home,2025-03-27 17:43:51.191905
1582,67,M,Books,2025-10-12 17:43:51.191911
1583,54,M,Sports,2024-08-27 17:43:51.191917
1584,61,O,Clothing,2026-02-04 17:43:51.191922
1585,61,M,Sports,2026-01-28 17:43:51.191928
1586,68,M,Books,2026-03-24 17:43:51.191942
1587,47,M,Home,2024-04-28 17:43:51.191948
1588,55,M,Books,2026-03-05 17:43:51.191954
1589,51,M,Books,2025-11-29 17:43:51.191959
1590,29,M,Sports,2026-02-13 17:43:51.191965
1591,36,F,Clothing,2026-02-24 17:43:51.191971
1592,54,O,Books,2024-05-26 17:43:51.191977
1593,61,F,Sports,2024-09-26 17:43:51.191983
1594,66,M,Clothing,2024-12-30 17:43:51.191988
1595,34,M,Home,2025-02-02 17:43:51.191994
1596,27,O,Home,2025-07-01 17:43:51.192000
1597,66,F,Electronics,2024-06-14 17:43:51.192006
1598,64,O,Sports,2025-11-03 17:43:51.192012
1599,29,F,Clothing,2024-09-25 17:43:51.192017
1600,33,M,Books,2025-11-27 17:43:51.192023
1601,41,O,Home,2024-12-25 17:43:51.192029
1602,36,O,Clothing,2025-06-21 17:43:51.192034
1603,25,M,Sports,2024-06-19 17:43:51.192040
1604,48,O,Electronics,2024-07-09 17:43:51.192046
1605,38,F,Home,2024-08-22 17:43:51.192051
1606,34,F,Clothing,2025-02-01 17:43:51.192057
1607,40,F,Clothing,2025-09-14 17:43:51.192063
1608,54,F,Clothing,2024-10-15 17:43:51.192070
1609,33,M,Sports,2025-04-10 17:43:51.192076
1610,23,O,Sports,2024-08-11 17:43:51.192082
1611,25,F,Sports,2025-07-31 17:43:51.192088
1612,42,M,Books,2026-01-18 17:43:51.192093
1613,35,O,Clothing,2025-08-04 17:43:51.192099
1614,42,O,Home,2026-02-11 17:43:51.192105
1615,29,M,Sports,2025-09-16 17:43:51.192111
1616,32,M,Sports,2024-11-06 17:43:51.192117
1617,43,F,Clothing,2026-01-21 17:43:51.192123
1618,58,O,Sports,2025-12-17 17:43:51.192128
1619,62,O,Books,2026-02-02 17:43:51.192134
1620,43,M,Books,2025-08-28 17:43:51.192143
1621,64,O,Sports,2025-04-16 17:43:51.192148
1622,49,F,Clothing,2024-12-23 17:43:51.192154
1623,27,O,Clothing,2024-05-29 17:43:51.192160
1624,33,M,Clothing,2026-03-29 17:43:51.192166
1625,24,M,Electronics,2025-11-18 17:43:51.192172
1626,34,F,Sports,2024-11-22 17:43:51.192178
1627,40,F,Clothing,2024-07-30 17:43:51.192184
1628,43,O,Books,2024-11-09 17:43:51.192189
1629,38,O,Home,2024-05-13 17:43:51.192195
1630,39,M,Home,2026-02-25 17:43:51.192201
1631,24,F,Clothing,2024-08-26 17:43:51.192207
1632,31,F,Home,2026-04-04 17:43:51.192213
1633,32,F,Home,2025-04-04 17:43:51.192218
1634,24,O,Electronics,2025-10-12 17:43:51.192224
1635,26,F,Books,2025-08-29 17:43:51.192230
1636,68,M,Books,2025-04-01 17:43:51.192236
1637,65,M,Electronics,2025-02-21 17:43:51.192241
1638,25,O,Electronics,2025-07-20 17:43:51.192247
1639,67,O,Home,2025-09-08 17:43:51.192253
1640,40,F,Sports,2024-10-18 17:43:51.192259
1641,46,O,Home,2025-06-04 17:43:51.192264
1642,35,M,Electronics,2025-11-21 17:43:51.192270
1643,48,F,Books,2024-07-23 17:43:51.192276
1644,47,M,Home,2025-08-29 17:43:51.192282
1645,69,F,Sports,2026-02-27 17:43:51.192287
1646,56,O,Home,2025-02-11 17:43:51.192293
1647,52,F,Clothing,2024-06-08 17:43:51.192299
1648,35,F,Home,2026-01-04 17:43:51.192305
1649,59,M,Electronics,2025-10-21 17:43:51.192311
1650,56,M,Books,2025-04-20 17:43:51.192316
1651,34,F,Books,2025-10-07 17:43:51.192322
1652,31,O,Electronics,2025-04-17 17:43:51.192328
1653,48,O,Clothing,2025-04-15 17:43:51.192334
1654,41,M,Electronics,2024-12-12 17:43:51.192340
1655,52,O,Home,2024-09-01 17:43:51.192345
1656,61,M,Electronics,2025-10-04 17:43:51.192351
1657,62,O,Electronics,2024-11-30 17:43:51.192357
1658,51,F,Clothing,2025-06-05 17:43:51.192363
1659,20,M,Home,2025-07-22 17:43:51.192369
1660,54,M,Sports,2025-09-24 17:43:51.192374
1661,60,F,Sports,2024-12-05 17:43:51.192380
1662,57,M,Books,2025-12-26 17:43:51.192386
1663,43,O,Electronics,2024-05-20 17:43:51.192392
1664,40,O,Books,2024-10-16 17:43:51.192397
1665,61,M,Clothing,2026-03-12 17:43:51.192403
1666,56,O,Sports,2025-06-12 17:43:51.192409
1667,32,M,Electronics,2025-05-29 17:43:51.192415
1668,66,F,Clothing,2026-04-06 17:43:51.192421
1669,21,M,Clothing,2025-07-14 17:43:51.192426
1670,46,F,Electronics,2025-08-08 17:43:51.192432
1671,39,O,Clothing,2024-09-25 17:43:51.192438
1672,42,F,Electronics,2024-09-26 17:43:51.192444
1673,30,O,Electronics,2024-08-19 17:43:51.192449
1674,35,M,Home,2026-04-04 17:43:51.192455
1675,50,O,Books,2024-11-10 17:43:51.192461
1676,33,M,Clothing,2025-02-24 17:43:51.192467
1677,62,M,Clothing,2025-01-12 17:43:51.192472
1678,59,F,Home,2025-04-15 17:43:51.192478
1679,61,F,Home,2026-02-01 17:43:51.192484
1680,19,F,Home,2024-10-19 17:43:51.192490
1681,52,F,Sports,2024-10-22 17:43:51.192496
1682,59,O,Sports,2025-02-23 17:43:51.192501
1683,51,O,Sports,2025-02-18 17:43:51.192507
1684,47,O,Electronics,2025-03-31 17:43:51.192513
1685,30,M,Clothing,2024-05-14 17:43:51.192519
1686,30,O,Books,2024-06-22 17:43:51.192524
1687,35,O,Electronics,2025-10-01 17:43:51.192530
1688,49,O,Clothing,2025-10-09 17:43:51.192536
1689,49,F,Clothing,2024-04-25 17:43:51.192542
1690,52,O,Home,2025-07-12 17:43:51.192547
1691,56,M,Home,2025-10-09 17:43:51.192553
1692,63,F,Electronics,2025-06-20 17:43:51.192559
1693,69,M,Home,2024-06-28 17:43:51.192565
1694,46,O,Clothing,2026-04-09 17:43:51.192571
1695,66,F,Home,2025-11-28 17:43:51.192576
1696,46,M,Sports,2026-02-25 17:43:51.192582
1697,61,O,Home,2024-04-30 17:43:51.192588
1698,33,M,Clothing,2025-09-25 17:43:51.192594
1699,61,M,Electronics,2024-11-10 17:43:51.192599
1700,64,M,Books,2025-05-14 17:43:51.192605
1701,27,O,Home,2024-05-08 17:43:51.192611
1702,47,O,Clothing,2024-08-20 17:43:51.192617
1703,42,M,Books,2025-07-18 17:43:51.192623
1704,56,F,Books,2025-09-26 17:43:51.192631
1705,37,F,Sports,2024-07-21 17:43:51.192641
1706,22,O,Books,2025-05-23 17:43:51.192647
1707,18,O,Clothing,2025-07-09 17:43:51.192652
1708,47,O,Clothing,2025-08-14 17:43:51.192658
1709,66,O,Home,2025-08-01 17:43:51.192664
1710,20,O,Home,2025-07-26 17:43:51.192670
1711,62,F,Home,2024-05-23 17:43:51.192675
1712,31,O,Books,2025-02-28 17:43:51.192681
1713,47,M,Books,2024-04-27 17:43:51.192687
1714,67,M,Sports,2025-09-24 17:43:51.192693
1715,21,F,Home,2025-04-23 17:43:51.192699
1716,35,M,Electronics,2026-02-06 17:43:51.192704
1717,54,F,Sports,2024-07-02 17:43:51.192710
1718,42,F,Electronics,2025-06-06 17:43:51.192716
1719,65,M,Books,2024-04-28 17:43:51.192722
1720,18,O,Sports,2025-02-14 17:43:51.192728
1721,63,M,Sports,2026-01-04 17:43:51.192733
1722,32,M,Clothing,2024-07-21 17:43:51.192739
1723,26,F,Books,2024-11-17 17:43:51.192745
1724,32,M,Books,2026-03-07 17:43:51.192751
1725,66,F,Sports,2025-04-09 17:43:51.192757
1726,41,O,Books,2026-01-17 17:43:51.192763
1727,21,O,Sports,2026-01-10 17:43:51.192768
1728,29,O,Clothing,2025-11-28 17:43:51.192774
1729,54,M,Sports,2026-03-27 17:43:51.192780
1730,54,F,Books,2024-11-09 17:43:51.192786
1731,60,O,Books,2024-06-13 17:43:51.192792
1732,23,F,Sports,2026-01-31 17:43:51.192798
1733,56,F,Sports,2025-02-19 17:43:51.192803
1734,63,O,Sports,2024-09-16 17:43:51.192809
1735,41,O,Home,2024-12-30 17:43:51.192815
1736,28,F,Books,2025-11-12 17:43:51.192821
1737,30,O,Books,2025-03-17 17:43:51.192827
1738,51,F,Home,2024-12-01 17:43:51.192833
1739,42,F,Sports,2026-03-16 17:43:51.192838
1740,24,O,Clothing,2024-11-28 17:43:51.192844
1741,69,M,Sports,2025-03-26 17:43:51.192850
1742,21,O,Sports,2024-05-10 17:43:51.192856
1743,25,M,Home,2024-12-15 17:43:51.192862
1744,37,F,Books,2025-10-05 17:43:51.192867
1745,46,F,Sports,2025-08-11 17:43:51.192873
1746,68,M,Books,2025-10-26 17:43:51.192879
1747,62,F,Electronics,2024-10-23 17:43:51.192885
1748,63,M,Books,2024-09-06 17:43:51.192891
1749,27,M,Clothing,2025-03-30 17:43:51.192896
1750,60,F,Clothing,2025-03-21 17:43:51.192902
1751,51,M,Sports,2025-11-16 17:43:51.192908
1752,43,O,Books,2026-04-19 17:43:51.192914
1753,58,O,Sports,2025-11-07 17:43:51.192919
1754,66,F,Home,2025-01-10 17:43:51.192925
1755,20,F,Clothing,2025-03-10 17:43:51.192931
1756,23,M,Sports,2025-03-07 17:43:51.192937
1757,22,M,Home,2025-10-01 17:43:51.192943
1758,22,M,Sports,2025-10-11 17:43:51.192948
1759,64,M,Books,2025-08-31 17:43:51.192954
1760,40,O,Books,2024-05-05 17:43:51.192960
1761,66,O,Books,2025-11-24 17:43:51.192966
1762,26,F,Books,2025-11-15 17:43:51.192972
1763,52,M,Electronics,2025-07-18 17:43:51.192977
1764,37,M,Home,2025-03-15 17:43:51.192983
1765,66,F,Home,2024-06-14 17:43:51.192989
1766,59,M,Books,2025-06-16 17:43:51.192995
1767,52,M,Electronics,2026-02-14 17:43:51.193001
1768,67,M,Books,2025-01-15 17:43:51.193006
1769,35,M,Electronics,2026-01-25 17:43:51.193012
1770,34,M,Books,2025-09-18 17:43:51.193018
1771,41,F,Clothing,2026-04-22 17:43:51.193024
1772,20,M,Clothing,2025-12-09 17:43:51.193030
1773,49,F,Sports,2024-05-26 17:43:51.193036
1774,52,M,Books,2025-05-07 17:43:51.193042
1775,55,O,Home,2025-12-04 17:43:51.193048
1776,30,O,Sports,2024-08-13 17:43:51.193054
1777,64,O,Clothing,2025-12-11 17:43:51.193060
1778,42,O,Books,2024-08-11 17:43:51.193066
1779,26,F,Sports,2025-10-27 17:43:51.193072
1780,21,F,Books,2025-04-30 17:43:51.193077
1781,31,M,Clothing,2025-04-08 17:43:51.193083
1782,54,O,Sports,2024-07-04 17:43:51.193089
1783,51,F,Clothing,2025-01-28 17:43:51.193095
1784,28,M,Electronics,2024-09-14 17:43:51.193101
1785,58,M,Clothing,2025-01-15 17:43:51.193106
1786,20,F,Books,2026-01-05 17:43:51.193112
1787,45,O,Home,2025-12-22 17:43:51.193118
1788,46,M,Clothing,2026-04-06 17:43:51.193124
1789,26,O,Home,2025-10-09 17:43:51.193131
1790,20,O,Electronics,2025-05-31 17:43:51.193184
1791,42,O,Sports,2025-06-09 17:43:51.193191
1792,51,M,Sports,2024-12-30 17:43:51.193197
1793,29,O,Home,2025-08-14 17:43:51.193203
1794,59,M,Sports,2024-12-06 17:43:51.193209
1795,26,O,Clothing,2025-12-25 17:43:51.193215
1796,32,M,Home,2024-06-18 17:43:51.193220
1797,57,O,Books,2024-05-13 17:43:51.193226
1798,42,F,Clothing,2024-12-11 17:43:51.193232
1799,22,O,Clothing,2024-12-23 17:43:51.193238
1800,28,O,Clothing,2026-03-09 17:43:51.193244
1801,51,M,Books,2025-06-13 17:43:51.193249
1802,41,M,Electronics,2025-10-26 17:43:51.193255
1803,32,O,Sports,2025-03-01 17:43:51.193261
1804,55,F,Home,2024-10-14 17:43:51.193266
1805,25,F,Electronics,2026-02-04 17:43:51.193272
1806,22,M,Home,2025-06-01 17:43:51.193278
1807,65,F,Sports,2024-06-02 17:43:51.193284
1808,43,O,Books,2025-05-01 17:43:51.193289
1809,35,M,Clothing,2025-03-03 17:43:51.193295
1810,23,O,Clothing,2024-11-24 17:43:51.193301
1811,54,M,Books,2025-09-21 17:43:51.193307
1812,65,M,Electronics,2026-02-08 17:43:51.193312
1813,30,M,Electronics,2024-10-07 17:43:51.193318
1814,45,M,Home,2024-09-21 17:43:51.193324
1815,22,F,Books,2024-11-30 17:43:51.193330
1816,30,O,Electronics,2025-05-26 17:43:51.193336
1817,34,O,Books,2026-01-20 17:43:51.193341
1818,67,O,Sports,2024-06-04 17:43:51.193347
1819,57,M,Clothing,2024-07-05 17:43:51.193353
1820,62,F,Clothing,2024-11-20 17:43:51.193358
1821,49,O,Clothing,2025-07-28 17:43:51.193364
1822,46,F,Books,2025-04-12 17:43:51.193370
1823,68,M,Books,2026-04-19 17:43:51.193376
1824,20,O,Home,2025-12-06 17:43:51.193381
1825,57,F,Clothing,2025-09-04 17:43:51.193387
1826,51,M,Home,2024-08-31 17:43:51.193393
1827,57,F,Clothing,2024-11-10 17:43:51.193399
1828,44,O,Home,2026-03-02 17:43:51.193405
1829,30,O,Home,2024-07-16 17:43:51.193410
1830,62,M,Sports,2024-04-30 17:43:51.193416
1831,50,M,Home,2025-06-02 17:43:51.193422
1832,23,M,Books,2024-05-06 17:43:51.193428
1833,41,F,Home,2024-04-30 17:43:51.193433
1834,36,F,Clothing,2025-07-20 17:43:51.193439
1835,33,F,Home,2024-11-03 17:43:51.193445
1836,57,M,Electronics,2024-12-23 17:43:51.193451
1837,45,O,Clothing,2024-11-23 17:43:51.193456
1838,50,O,Electronics,2025-11-22 17:43:51.193462
1839,65,F,Clothing,2024-12-26 17:43:51.193468
1840,58,F,Books,2025-08-07 17:43:51.193474
1841,30,O,Books,2025-06-03 17:43:51.193480
1842,60,O,Books,2025-11-06 17:43:51.193485
1843,62,F,Electronics,2024-06-04 17:43:51.193491
1844,42,F,Sports,2025-06-17 17:43:51.193497
1845,59,O,Clothing,2024-12-30 17:43:51.193502
1846,53,M,Books,2026-02-26 17:43:51.193508
1847,44,F,Clothing,2024-08-11 17:43:51.193514
1848,55,O,Electronics,2025-01-05 17:43:51.193520
1849,24,O,Sports,2025-07-01 17:43:51.193525
1850,22,O,Electronics,2025-01-17 17:43:51.193531
1851,60,O,Clothing,2025-06-03 17:43:51.193537
1852,62,M,Sports,2025-12-03 17:43:51.193543
1853,68,O,Sports,2024-06-25 17:43:51.193548
1854,48,F,Electronics,2025-08-04 17:43:51.193554
1855,40,M,Books,2025-02-27 17:43:51.193560
1856,59,O,Clothing,2025-08-25 17:43:51.193566
1857,27,M,Home,2025-05-03 17:43:51.193571
1858,49,F,Home,2024-09-11 17:43:51.193577
1859,60,O,Electronics,2025-10-25 17:43:51.193583
1860,47,F,Clothing,2026-02-16 17:43:51.193589
1861,56,O,Clothing,2025-05-10 17:43:51.193594
1862,48,O,Electronics,2025-11-03 17:43:51.193600
1863,35,O,Clothing,2025-01-04 17:43:51.193606
1864,53,O,Books,2024-11-05 17:43:51.193612
1865,19,O,Electronics,2025-04-21 17:43:51.193618
1866,31,M,Books,2026-01-06 17:43:51.193623
1867,30,O,Clothing,2025-02-08 17:43:51.193629
1868,46,O,Electronics,2025-09-08 17:43:51.193643
1869,29,M,Clothing,2025-02-03 17:43:51.193649
1870,56,M,Electronics,2025-02-05 17:43:51.193655
1871,19,M,Clothing,2025-03-23 17:43:51.193661
1872,49,M,Books,2024-04-25 17:43:51.193666
1873,30,M,Books,2024-09-19 17:43:51.193672
1874,63,M,Clothing,2026-01-29 17:43:51.193680
1875,44,O,Electronics,2024-08-16 17:43:51.193686
1876,66,O,Home,2024-10-19 17:43:51.193692
1877,58,F,Books,2026-04-10 17:43:51.193698
1878,34,O,Books,2024-05-30 17:43:51.193703
1879,57,O,Home,2024-12-16 17:43:51.193709
1880,48,M,Clothing,2025-07-29 17:43:51.193715
1881,51,M,Electronics,2024-11-14 17:43:51.193721
1882,41,O,Clothing,2025-12-24 17:43:51.193727
1883,62,F,Sports,2025-05-05 17:43:51.193732
1884,52,M,Books,2026-02-25 17:43:51.193738
1885,65,O,Sports,2026-03-14 17:43:51.193744
1886,23,O,Books,2025-05-22 17:43:51.193749
1887,36,F,Books,2024-07-22 17:43:51.193755
1888,47,F,Sports,2025-11-01 17:43:51.193761
1889,24,M,Sports,2024-10-23 17:43:51.193767
1890,27,F,Clothing,2025-08-07 17:43:51.193772
1891,58,O,Sports,2024-11-22 17:43:51.193778
1892,49,O,Clothing,2024-04-23 17:43:51.193784
1893,51,F,Clothing,2024-11-16 17:43:51.193790
1894,45,F,Clothing,2025-12-27 17:43:51.193795
1895,32,F,Books,2025-10-21 17:43:51.193801
1896,47,F,Books,2025-12-28 17:43:51.193807
1897,54,M,Sports,2025-11-12 17:43:51.193812
1898,46,F,Books,2024-09-21 17:43:51.193818
1899,39,M,Sports,2024-05-11 17:43:51.193824
1900,21,O,Books,2024-10-27 17:43:51.193830
1901,37,F,Electronics,2024-09-13 17:43:51.193836
1902,49,M,Electronics,2025-08-29 17:43:51.193841
1903,53,F,Sports,2026-02-16 17:43:51.193847
1904,67,O,Books,2026-02-12 17:43:51.193853
1905,21,O,Books,2025-01-31 17:43:51.193859
1906,44,O,Clothing,2025-03-03 17:43:51.193864
1907,34,F,Home,2024-11-07 17:43:51.193870
1908,29,F,Sports,2025-02-06 17:43:51.193876
1909,39,M,Home,2025-01-14 17:43:51.193882
1910,34,O,Home,2025-03-23 17:43:51.193887
1911,27,F,Sports,2024-05-12 17:43:51.193893
1912,18,O,Books,2024-10-19 17:43:51.193899
1913,39,O,Sports,2024-07-05 17:43:51.193905
1914,43,M,Home,2024-10-13 17:43:51.193910
1915,35,M,Books,2025-03-24 17:43:51.193916
1916,67,M,Electronics,2025-06-01 17:43:51.193922
1917,31,M,Sports,2026-01-22 17:43:51.193928
1918,64,O,Sports,2026-02-12 17:43:51.193933
1919,46,M,Books,2025-11-08 17:43:51.193939
1920,29,M,Electronics,2024-07-20 17:43:51.193945
1921,53,M,Electronics,2025-09-21 17:43:51.193951
1922,52,M,Books,2024-08-30 17:43:51.193957
1923,69,O,Clothing,2025-05-23 17:43:51.193962
1924,29,M,Sports,2025-04-19 17:43:51.193968
1925,24,O,Sports,2024-09-16 17:43:51.193974
1926,46,F,Home,2024-06-15 17:43:51.193979
1927,28,O,Books,2026-03-05 17:43:51.193985
1928,50,O,Home,2026-03-02 17:43:51.193991
1929,23,M,Home,2025-07-08 17:43:51.193997
1930,64,F,Electronics,2024-08-05 17:43:51.194002
1931,32,F,Sports,2025-08-27 17:43:51.194008
1932,49,F,Home,2025-12-11 17:43:51.194014
1933,68,F,Electronics,2025-11-08 17:43:51.194020
1934,28,O,Books,2025-04-14 17:43:51.194025
1935,40,F,Home,2025-04-15 17:43:51.194031
1936,43,O,Sports,2024-12-31 17:43:51.194037
1937,51,O,Home,2024-12-30 17:43:51.194043
1938,63,O,Books,2024-07-12 17:43:51.194048
1939,51,F,Home,2024-09-09 17:43:51.194054
1940,46,M,Sports,2024-06-10 17:43:51.194060
1941,21,M,Electronics,2024-07-27 17:43:51.194066
1942,34,F,Sports,2024-06-04 17:43:51.194071
1943,52,M,Electronics,2025-06-27 17:43:51.194077
1944,30,M,Clothing,2026-01-31 17:43:51.194083
1945,58,O,Sports,2026-01-26 17:43:51.194088
1946,56,O,Sports,2025-09-10 17:43:51.194094
1947,32,F,Books,2026-04-07 17:43:51.194100
1948,46,F,Home,2025-04-30 17:43:51.194106
1949,46,M,Electronics,2025-11-11 17:43:51.194111
1950,28,O,Electronics,2024-08-21 17:43:51.194117
1951,69,F,Books,2024-06-24 17:43:51.194123
1952,49,F,Books,2024-11-25 17:43:51.194129
1953,19,F,Home,2025-05-08 17:43:51.194134
1954,64,F,Home,2024-06-11 17:43:51.194140
1955,31,F,Sports,2025-01-14 17:43:51.194146
1956,37,F,Clothing,2025-04-13 17:43:51.194152
1957,39,M,Home,2026-01-21 17:43:51.194157
1958,28,O,Books,2025-10-24 17:43:51.194163
1959,44,O,Home,2025-06-26 17:43:51.194169
1960,20,F,Electronics,2024-07-02 17:43:51.194179
1961,34,O,Clothing,2025-10-16 17:43:51.194186
1962,61,O,Sports,2025-06-13 17:43:51.194191
1963,45,O,Electronics,2024-12-16 17:43:51.194197
1964,46,F,Electronics,2025-12-16 17:43:51.194203
1965,38,F,Clothing,2024-11-20 17:43:51.194209
1966,64,O,Sports,2025-02-21 17:43:51.194215
1967,33,O,Books,2024-10-11 17:43:51.194220
1968,54,F,Sports,2024-10-05 17:43:51.194226
1969,37,M,Home,2025-10-18 17:43:51.194232
1970,23,O,Electronics,2024-10-20 17:43:51.194238
1971,36,M,Home,2025-01-25 17:43:51.194244
1972,22,O,Books,2025-01-07 17:43:51.194250
1973,20,M,Home,2024-10-05 17:43:51.194255
1974,18,M,Sports,2025-09-11 17:43:51.194261
1975,55,M,Home,2025-11-20 17:43:51.194267
1976,32,F,Books,2024-10-10 17:43:51.194273
1977,51,M,Books,2025-05-07 17:43:51.194279
1978,52,M,Books,2025-11-27 17:43:51.194284
1979,66,M,Sports,2024-09-24 17:43:51.194290
1980,42,O,Books,2025-05-09 17:43:51.194296
1981,41,M,Electronics,2025-10-23 17:43:51.194302
1982,29,O,Books,2024-07-25 17:43:51.194308
1983,35,M,Home,2025-10-26 17:43:51.194313
1984,32,M,Home,2026-03-15 17:43:51.194319
1985,61,F,Home,2026-04-20 17:43:51.194325
1986,33,O,Sports,2026-02-18 17:43:51.194331
1987,44,M,Home,2026-03-25 17:43:51.194336
1988,25,O,Sports,2025-04-16 17:43:51.194342
1989,63,O,Sports,2024-11-16 17:43:51.194348
1990,42,F,Books,2026-01-16 17:43:51.194354
1991,34,F,Electronics,2025-02-05 17:43:51.194359
1992,46,F,Books,2025-10-02 17:43:51.194365
1993,25,F,Books,2025-03-08 17:43:51.194371
1994,32,F,Sports,2026-04-02 17:43:51.194377
1995,44,F,Sports,2024-10-19 17:43:51.194382
1996,63,F,Home,2026-01-11 17:43:51.194388
1997,67,F,Home,2026-03-08 17:43:51.194394
1998,69,M,Books,2026-02-16 17:43:51.194400
1999,24,O,Clothing,2024-08-28 17:43:51.194406
2000,20,F,Clothing,2025-11-10 17:43:51.194411
